Fecha_Hora,codigoSerial,pm25,calidad_pm25,pm10,calidad_pm10,pm1,calidad_pm1,no,calidad_no,no2,calidad_no2,nox,calidad_nox,ozono,calidad_ozono,co,calidad_co,so2,calidad_so2,pst,calidad_pst,dviento_ssr,calidad_dviento_ssr,haire10_ssr,calidad_haire10_ssr,p_ssr,calidad_p_ssr,pliquida_ssr,calidad_pliquida_ssr,rglobal_ssr,calidad_rglobal_ssr,taire10_ssr,calidad_taire10_ssr,vviento_ssr,calidad_vviento_ssr
2015-03-01 00:00:00,31,48.0,1.0,-9999.0,1.0,-9999.0,1.0,-9999.0,1.0,-9999.0,1.0,-9999.0,1.0,2.0,1.0,-9999.0,1.0,-9999.0,1.0,-9999.0,1.0,347.241,1.0,86.3043,1.0,619.121,1.0,-9999.0,1.0,0.0,1.0,16.9728,1.0,1.78741,1.0
2015-03-01 01:00:00,31,46.0,1.0,-9999.0,1.0,-9999.0,1.0,-9999.0,1.0,-9999.0,1.0,-9999.0,1.0,1.8,1.0,-9999.0,1.0,-9999.0,1.0,-9999.0,1.0,8.0,1.0,87.8,1.0,618.879,1.0,-9999.0,1.0,0.0,1.0,16.3,1.0,0.6,1.0
2015-03-01 02:00:00,31,47.0,1.0,-9999.0,1.0,-9999.0,1.0,-9999.0,1.0,-9999.0,1.0,-9999.0,1.0,1.6,1.0,-9999.0,1.0,-9999.0,1.0,-9999.0,1.0,343.9,1.0,88.9,1.0,618.428,1.0,-9999.0,1.0,0.0,1.0,16.1,1.0,1.3,1.0
2015-03-01 03:00:00,31,48.0,1.0,-9999.0,1.0,-9999.0,1.0,-9999.0,1.0,-9999.0,1.0,-9999.0,1.0,1.6,1.0,-9999.0,1.0,-9999.0,1.0,-9999.0,1.0,345.9,1.0,88.4,1.0,618.053,1.0,-9999.0,1.0,0.0,1.0,16.0,1.0,1.8,1.0
2015-03-01 04:00:00,31,40.0,1.0,-9999.0,1.0,-9999.0,1.0,-9999.0,1.0,-9999.0,1.0,-9999.0,1.0,1.6,1.0,-9999.0,1.0,-9999.0,1.0,-9999.0,1.0,347.3,1.0,88.8,1.0,617.978,1.0,-9999.0,1.0,0.0,1.0,15.8,1.0,1.8,1.0
2015-03-01 05:00:00,31,37.0,1.0,-9999.0,1.0,-9999.0,1.0,-9999.0,1.0,-9999.0,1.0,-9999.0,1.0,1.5,1.0,-9999.0,1.0,-9999.0,1.0,-9999.0,1.0,342.2,1.0,89.6,1.0,617.978,1.0,-9999.0,1.0,0.0,1.0,15.6,1.0,1.4,1.0
2015-03-01 06:00:00,31,39.0,1.0,-9999.0,1.0,-9999.0,1.0,-9999.0,1.0,-9999.0,1.0,-9999.0,1.0,1.7,1.0,-9999.0,1.0,-9999.0,1.0,-9999.0,1.0,343.4,1.0,88.5,1.0,618.128,1.0,-9999.0,1.0,0.0,1.0,15.6,1.0,1.2,1.0
2015-03-01 07:00:00,31,47.0,1.0,-9999.0,1.0,-9999.0,1.0,-9999.0,1.0,-9999.0,1.0,-9999.0,1.0,1.9,1.0,-9999.0,1.0,-9999.0,1.0,-9999.0,1.0,341.9,1.0,88.4,1.0,618.654,1.0,-9999.0,1.0,8.9,1.0,15.5,1.0,1.4,1.0
2015-03-01 08:00:00,31,34.0,1.0,-9999.0,1.0,-9999.0,1.0,-9999.0,1.0,-9999.0,1.0,-9999.0,1.0,4.5,1.0,-9999.0,1.0,-9999.0,1.0,-9999.0,1.0,144.7,1.0,78.9,1.0,618.954,1.0,-9999.0,1.0,151.1,1.0,17.2,1.0,0.7,1.0
2015-03-01 09:00:00,31,22.0,1.0,-9999.0,1.0,-9999.0,1.0,-9999.0,1.0,-9999.0,1.0,-9999.0,1.0,17.7,1.0,-9999.0,1.0,-9999.0,1.0,-9999.0,1.0,34.3,1.0,68.1,1.0,619.254,1.0,-9999.0,1.0,348.8,1.0,19.6,1.0,1.2,1.0
2015-03-01 10:00:00,31,16.0,1.0,-9999.0,1.0,-9999.0,1.0,-9999.0,1.0,-9999.0,1.0,-9999.0,1.0,34.1,1.0,-9999.0,1.0,-9999.0,1.0,-9999.0,1.0,50.6,1.0,59.6,1.0,619.479,1.0,-9999.0,1.0,594.3,1.0,21.5,1.0,1.7,1.0
2015-03-01 11:00:00,31,40.0,1.0,-9999.0,1.0,-9999.0,1.0,-9999.0,1.0,-9999.0,1.0,-9999.0,1.0,62.6,1.0,-9999.0,1.0,-9999.0,1.0,-9999.0,1.0,45.6,1.0,57.5,1.0,618.954,1.0,-9999.0,1.0,631.6,1.0,22.6,1.0,1.5,1.0
2015-03-01 12:00:00,31,24.0,1.0,-9999.0,1.0,-9999.0,1.0,-9999.0,1.0,-9999.0,1.0,-9999.0,1.0,66.5,1.0,-9999.0,1.0,-9999.0,1.0,-9999.0,1.0,32.5,1.0,51.7,1.0,618.353,1.0,-9999.0,1.0,629.2,1.0,23.9,1.0,0.6,1.0
2015-03-01 13:00:00,31,-9992.0,151.0,-9999.0,1.0,-9999.0,1.0,-9999.0,1.0,-9999.0,1.0,-9999.0,1.0,-9992.0,151.0,-9999.0,1.0,-9999.0,1.0,-9999.0,1.0,-9999.0,151.0,-9999.0,151.0,-9999.0,151.0,-9999.0,1.0,-9999.0,151.0,-9999.0,151.0,-9999.0,151.0
2015-03-01 14:00:00,31,-9992.0,151.0,-9999.0,1.0,-9999.0,1.0,-9999.0,1.0,-9999.0,1.0,-9999.0,1.0,-9992.0,151.0,-9999.0,1.0,-9999.0,1.0,-9999.0,1.0,-9999.0,151.0,-9999.0,151.0,-9999.0,151.0,-9999.0,1.0,-9999.0,151.0,-9999.0,151.0,-9999.0,151.0
2015-03-01 15:00:00,31,-9992.0,151.0,-9999.0,1.0,-9999.0,1.0,-9999.0,1.0,-9999.0,1.0,-9999.0,1.0,-9992.0,151.0,-9999.0,1.0,-9999.0,1.0,-9999.0,1.0,-9999.0,151.0,-9999.0,151.0,-9999.0,151.0,-9999.0,1.0,-9999.0,151.0,-9999.0,151.0,-9999.0,151.0
2015-03-01 16:00:00,31,-9992.0,151.0,-9999.0,1.0,-9999.0,1.0,-9999.0,1.0,-9999.0,1.0,-9999.0,1.0,-9992.0,151.0,-9999.0,1.0,-9999.0,1.0,-9999.0,1.0,-9999.0,151.0,-9999.0,151.0,-9999.0,151.0,-9999.0,1.0,-9999.0,151.0,-9999.0,151.0,-9999.0,151.0
2015-03-01 17:00:00,31,-9992.0,151.0,-9999.0,1.0,-9999.0,1.0,-9999.0,1.0,-9999.0,1.0,-9999.0,1.0,-9992.0,151.0,-9999.0,1.0,-9999.0,1.0,-9999.0,1.0,-9999.0,151.0,-9999.0,151.0,-9999.0,151.0,-9999.0,1.0,-9999.0,151.0,-9999.0,151.0,-9999.0,151.0
2015-03-01 18:00:00,31,-9992.0,151.0,-9999.0,1.0,-9999.0,1.0,-9999.0,1.0,-9999.0,1.0,-9999.0,1.0,-9992.0,151.0,-9999.0,1.0,-9999.0,1.0,-9999.0,1.0,-9999.0,151.0,-9999.0,151.0,-9999.0,151.0,-9999.0,1.0,-9999.0,151.0,-9999.0,151.0,-9999.0,151.0
2015-03-01 19:00:00,31,-9992.0,151.0,-9999.0,1.0,-9999.0,1.0,-9999.0,1.0,-9999.0,1.0,-9999.0,1.0,-9992.0,151.0,-9999.0,1.0,-9999.0,1.0,-9999.0,1.0,-9999.0,151.0,-9999.0,151.0,-9999.0,151.0,-9999.0,1.0,-9999.0,151.0,-9999.0,151.0,-9999.0,151.0
2015-03-01 20:00:00,31,24.0,1.0,-9999.0,1.0,-9999.0,1.0,-9999.0,1.0,-9999.0,1.0,-9999.0,1.0,14.1,1.0,-9999.0,1.0,-9999.0,1.0,-9999.0,1.0,285.9,1.0,72.0,1.0,617.453,1.0,-9999.0,1.0,0.0,1.0,19.7,1.0,0.5,1.0
2015-03-01 21:00:00,31,14.0,1.0,-9999.0,1.0,-9999.0,1.0,-9999.0,1.0,-9999.0,1.0,-9999.0,1.0,16.4,1.0,-9999.0,1.0,-9999.0,1.0,-9999.0,1.0,328.7,1.0,80.7,1.0,618.428,1.0,-9999.0,1.0,0.0,1.0,17.4,1.0,2.4,1.0
2015-03-01 22:00:00,31,17.0,1.0,-9999.0,1.0,-9999.0,1.0,-9999.0,1.0,-9999.0,1.0,-9999.0,1.0,17.0,1.0,-9999.0,1.0,-9999.0,1.0,-9999.0,1.0,349.6,1.0,87.8,1.0,619.029,1.0,-9999.0,1.0,0.0,1.0,15.8,1.0,1.2,1.0
2015-03-01 23:00:00,31,12.0,1.0,-9999.0,1.0,-9999.0,1.0,-9999.0,1.0,-9999.0,1.0,-9999.0,1.0,9.6,1.0,-9999.0,1.0,-9999.0,1.0,-9999.0,1.0,191.2,1.0,89.8,1.0,619.554,1.0,-9999.0,1.0,0.0,1.0,15.8,1.0,0.7,1.0
2015-03-02 00:00:00,31,23.0,1.0,-9999.0,1.0,-9999.0,1.0,-9999.0,1.0,-9999.0,1.0,-9999.0,1.0,7.7,1.0,-9999.0,1.0,-9999.0,1.0,-9999.0,1.0,165.1,1.0,89.3,1.0,619.479,1.0,-9999.0,1.0,0.0,1.0,15.7,1.0,1.4,1.0
2015-03-02 01:00:00,31,26.0,1.0,-9999.0,1.0,-9999.0,1.0,-9999.0,1.0,-9999.0,1.0,-9999.0,1.0,6.5,1.0,-9999.0,1.0,-9999.0,1.0,-9999.0,1.0,180.75,1.0,89.7618,1.0,618.832,1.0,-9999.0,1.0,0.0,1.0,15.1631,1.0,1.8834,1.0
2015-03-02 02:00:00,31,17.0,1.0,-9999.0,1.0,-9999.0,1.0,-9999.0,1.0,-9999.0,1.0,-9999.0,1.0,5.4,1.0,-9999.0,1.0,-9999.0,1.0,-9999.0,1.0,183.329,1.0,89.7889,1.0,618.498,1.0,-9999.0,1.0,0.0,1.0,14.9739,1.0,1.20405,1.0
2015-03-02 03:00:00,31,14.0,1.0,-9999.0,1.0,-9999.0,1.0,-9999.0,1.0,-9999.0,1.0,-9999.0,1.0,4.2,1.0,-9999.0,1.0,-9999.0,1.0,-9999.0,1.0,193.487,1.0,90.7549,1.0,618.002,1.0,-9999.0,1.0,0.0,1.0,14.6672,1.0,0.977284,1.0
2015-03-02 04:00:00,31,16.0,1.0,-9999.0,1.0,-9999.0,1.0,-9999.0,1.0,-9999.0,1.0,-9999.0,1.0,2.6,1.0,-9999.0,1.0,-9999.0,1.0,-9999.0,1.0,167.842,1.0,90.428,1.0,617.714,1.0,-9999.0,1.0,0.0,1.0,14.3857,1.0,1.66873,1.0
2015-03-02 05:00:00,31,19.0,1.0,-9999.0,1.0,-9999.0,1.0,-9999.0,1.0,-9999.0,1.0,-9999.0,1.0,2.1,1.0,-9999.0,1.0,-9999.0,1.0,-9999.0,1.0,179.368,1.0,90.1747,1.0,617.659,1.0,-9999.0,1.0,0.0,1.0,14.149,1.0,1.20421,1.0
2015-03-02 06:00:00,31,16.0,1.0,-9999.0,1.0,-9999.0,1.0,-9999.0,1.0,-9999.0,1.0,-9999.0,1.0,1.8,1.0,-9999.0,1.0,-9999.0,1.0,-9999.0,1.0,199.16,1.0,90.9703,1.0,617.923,1.0,-9999.0,1.0,0.0,1.0,13.9697,1.0,0.687643,1.0
2015-03-02 07:00:00,31,30.0,1.0,-9999.0,1.0,-9999.0,1.0,-9999.0,1.0,-9999.0,1.0,-9999.0,1.0,1.9,1.0,-9999.0,1.0,-9999.0,1.0,-9999.0,1.0,202.064,1.0,91.9122,1.0,618.334,1.0,-9999.0,1.0,5.31389,1.0,13.8056,1.0,0.803485,1.0
2015-03-02 08:00:00,31,41.0,1.0,-9999.0,1.0,-9999.0,1.0,-9999.0,1.0,-9999.0,1.0,-9999.0,1.0,3.1,1.0,-9999.0,1.0,-9999.0,1.0,-9999.0,1.0,162.654,1.0,86.8193,1.0,618.754,1.0,-9999.0,1.0,134.711,1.0,15.1539,1.0,1.24297,1.0
2015-03-02 09:00:00,31,19.0,1.0,-9999.0,1.0,-9999.0,1.0,-9999.0,1.0,-9999.0,1.0,-9999.0,1.0,7.6,1.0,-9999.0,1.0,-9999.0,1.0,-9999.0,1.0,131.876,1.0,75.2717,1.0,619.017,1.0,-9999.0,1.0,329.353,1.0,18.4724,1.0,1.11576,1.0
2015-03-02 10:00:00,31,14.0,1.0,-9999.0,1.0,-9999.0,1.0,-9999.0,1.0,-9999.0,1.0,-9999.0,1.0,19.6,1.0,-9999.0,1.0,-9999.0,1.0,-9999.0,1.0,124.206,1.0,68.0986,1.0,619.124,1.0,-9999.0,1.0,385.4,1.0,20.3976,1.0,0.927447,1.0
2015-03-02 11:00:00,31,26.0,1.0,-9999.0,1.0,-9999.0,1.0,-9999.0,1.0,-9999.0,1.0,-9999.0,1.0,30.4,1.0,-9999.0,1.0,-9999.0,1.0,-9999.0,1.0,28.9007,1.0,62.5811,1.0,618.892,1.0,-9999.0,1.0,524.883,1.0,21.5662,1.0,0.856589,1.0
2015-03-02 12:00:00,31,25.0,1.0,-9999.0,1.0,-9999.0,1.0,-9999.0,1.0,-9999.0,1.0,-9999.0,1.0,54.6,1.0,-9999.0,1.0,-9999.0,1.0,-9999.0,1.0,43.9729,1.0,54.7368,1.0,618.075,1.0,-9999.0,1.0,664.394,1.0,23.4086,1.0,0.833821,1.0
2015-03-02 13:00:00,31,24.0,1.0,-9999.0,1.0,-9999.0,1.0,-9999.0,1.0,-9999.0,1.0,-9999.0,1.0,44.6,1.0,-9999.0,1.0,-9999.0,1.0,-9999.0,1.0,195.627,1.0,60.9272,1.0,617.367,1.0,-9999.0,1.0,465.983,1.0,23.0583,1.0,1.3885,1.0
2015-03-02 14:00:00,31,26.0,1.0,-9999.0,1.0,-9999.0,1.0,-9999.0,1.0,-9999.0,1.0,-9999.0,1.0,71.1,1.0,-9999.0,1.0,-9999.0,1.0,-9999.0,1.0,248.173,1.0,53.4765,1.0,616.472,1.0,-9999.0,1.0,637.558,1.0,24.935,1.0,0.0305476,1.0
2015-03-02 15:00:00,31,30.0,1.0,-9999.0,1.0,-9999.0,1.0,-9999.0,1.0,-9999.0,1.0,-9999.0,1.0,74.4,1.0,-9999.0,1.0,-9999.0,1.0,-9999.0,1.0,210.47,1.0,53.2965,1.0,615.693,1.0,-9999.0,1.0,498.542,1.0,25.0178,1.0,0.743921,1.0
2015-03-02 16:00:00,31,22.0,1.0,-9999.0,1.0,-9999.0,1.0,-9999.0,1.0,-9999.0,1.0,-9999.0,1.0,66.3,1.0,-9999.0,1.0,-9999.0,1.0,-9999.0,1.0,272.275,1.0,50.9078,1.0,615.072,1.0,-9999.0,1.0,284.986,1.0,25.2375,1.0,0.158142,1.0
2015-03-02 17:00:00,31,24.0,1.0,-9999.0,1.0,-9999.0,1.0,-9999.0,1.0,-9999.0,1.0,-9999.0,1.0,44.6,1.0,-9999.0,1.0,-9999.0,1.0,-9999.0,1.0,356.53,1.0,48.3013,1.0,614.906,1.0,-9999.0,1.0,272.658,1.0,25.2663,1.0,2.12868,1.0
2015-03-02 18:00:00,31,33.0,1.0,-9999.0,1.0,-9999.0,1.0,-9999.0,1.0,-9999.0,1.0,-9999.0,1.0,27.5,1.0,-9999.0,1.0,-9999.0,1.0,-9999.0,1.0,359.214,1.0,55.0331,1.0,615.261,1.0,-9999.0,1.0,32.9944,1.0,23.2732,1.0,1.76172,1.0
2015-03-02 19:00:00,31,42.0,1.0,-9999.0,1.0,-9999.0,1.0,-9999.0,1.0,-9999.0,1.0,-9999.0,1.0,19.8,1.0,-9999.0,1.0,-9999.0,1.0,-9999.0,1.0,344.858,1.0,62.0829,1.0,615.929,1.0,-9999.0,1.0,0.0,1.0,21.51,1.0,1.77729,1.0
2015-03-02 20:00:00,31,32.0,1.0,-9999.0,1.0,-9999.0,1.0,-9999.0,1.0,-9999.0,1.0,-9999.0,1.0,19.0,1.0,-9999.0,1.0,-9999.0,1.0,-9999.0,1.0,346.707,1.0,69.2742,1.0,616.423,1.0,-9999.0,1.0,0.0,1.0,20.2342,1.0,2.15904,1.0
2015-03-02 21:00:00,31,37.0,1.0,-9999.0,1.0,-9999.0,1.0,-9999.0,1.0,-9999.0,1.0,-9999.0,1.0,18.7,1.0,-9999.0,1.0,-9999.0,1.0,-9999.0,1.0,349.857,1.0,73.9208,1.0,617.23,1.0,-9999.0,1.0,0.0,1.0,19.3904,1.0,2.23059,1.0
2015-03-02 22:00:00,31,52.0,1.0,-9999.0,1.0,-9999.0,1.0,-9999.0,1.0,-9999.0,1.0,-9999.0,1.0,9.4,1.0,-9999.0,1.0,-9999.0,1.0,-9999.0,1.0,8.35507,1.0,77.8879,1.0,617.625,1.0,-9999.0,1.0,0.0,1.0,18.811,1.0,1.78875,1.0
2015-03-02 23:00:00,31,69.0,1.0,-9999.0,1.0,-9999.0,1.0,-9999.0,1.0,-9999.0,1.0,-9999.0,1.0,5.6,1.0,-9999.0,1.0,-9999.0,1.0,-9999.0,1.0,6.54792,1.0,81.4769,1.0,617.812,1.0,-9999.0,1.0,0.0,1.0,18.0312,1.0,1.8574,1.0
2015-03-03 00:00:00,31,61.0,1.0,-9999.0,1.0,-9999.0,1.0,-9999.0,1.0,-9999.0,1.0,-9999.0,1.0,7.4,1.0,-9999.0,1.0,-9999.0,1.0,-9999.0,1.0,351.759,1.0,83.2029,1.0,617.723,1.0,-9999.0,1.0,0.0,1.0,17.4015,1.0,2.23514,1.0
2015-03-03 01:00:00,31,60.0,1.0,-9999.0,1.0,-9999.0,1.0,-9999.0,1.0,-9999.0,1.0,-9999.0,1.0,9.4,1.0,-9999.0,1.0,-9999.0,1.0,-9999.0,1.0,343.962,1.0,85.0164,1.0,617.314,1.0,-9999.0,1.0,0.0,1.0,16.8094,1.0,2.61878,1.0
2015-03-03 02:00:00,31,67.0,1.0,-9999.0,1.0,-9999.0,1.0,-9999.0,1.0,-9999.0,1.0,-9999.0,1.0,7.8,1.0,-9999.0,1.0,-9999.0,1.0,-9999.0,1.0,346.372,1.0,86.5819,1.0,616.849,1.0,-9999.0,1.0,0.0,1.0,16.3829,1.0,2.68138,1.0
2015-03-03 03:00:00,31,72.0,1.0,-9999.0,1.0,-9999.0,1.0,-9999.0,1.0,-9999.0,1.0,-9999.0,1.0,7.9,1.0,-9999.0,1.0,-9999.0,1.0,-9999.0,1.0,347.228,1.0,87.3917,1.0,616.512,1.0,-9999.0,1.0,0.0,1.0,16.0047,1.0,2.35653,1.0
2015-03-03 04:00:00,31,62.0,1.0,-9999.0,1.0,-9999.0,1.0,-9999.0,1.0,-9999.0,1.0,-9999.0,1.0,8.7,1.0,-9999.0,1.0,-9999.0,1.0,-9999.0,1.0,343.061,1.0,86.9772,1.0,616.266,1.0,-9999.0,1.0,0.0,1.0,15.9604,1.0,2.78122,1.0
2015-03-03 05:00:00,31,80.0,1.0,-9999.0,1.0,-9999.0,1.0,-9999.0,1.0,-9999.0,1.0,-9999.0,1.0,5.4,1.0,-9999.0,1.0,-9999.0,1.0,-9999.0,1.0,351.535,1.0,88.1911,1.0,616.317,1.0,-9999.0,1.0,0.0,1.0,15.6094,1.0,2.13696,1.0
2015-03-03 06:00:00,31,85.0,1.0,-9999.0,1.0,-9999.0,1.0,-9999.0,1.0,-9999.0,1.0,-9999.0,1.0,2.3,1.0,-9999.0,1.0,-9999.0,1.0,-9999.0,1.0,352.797,1.0,89.053,1.0,616.672,1.0,-9999.0,1.0,0.0,1.0,15.166,1.0,1.78614,1.0
2015-03-03 07:00:00,31,87.0,1.0,-9999.0,1.0,-9999.0,1.0,-9999.0,1.0,-9999.0,1.0,-9999.0,1.0,2.4,1.0,-9999.0,1.0,-9999.0,1.0,-9999.0,1.0,2.5054,1.0,88.3696,1.0,617.285,1.0,-9999.0,1.0,4.52778,1.0,14.9571,1.0,0.841722,1.0
2015-03-03 08:00:00,31,68.0,1.0,-9999.0,1.0,-9999.0,1.0,-9999.0,1.0,-9999.0,1.0,-9999.0,1.0,3.4,1.0,-9999.0,1.0,-9999.0,1.0,-9999.0,1.0,121.835,1.0,80.706,1.0,617.664,1.0,-9999.0,1.0,151.761,1.0,15.4346,1.0,1.11021,1.0
2015-03-03 09:00:00,31,76.0,1.0,-9999.0,1.0,-9999.0,1.0,-9999.0,1.0,-9999.0,1.0,-9999.0,1.0,18.2,1.0,-9999.0,1.0,-9999.0,1.0,-9999.0,1.0,18.3763,1.0,71.6175,1.0,617.945,1.0,-9999.0,1.0,410.294,1.0,18.6092,1.0,2.09713,1.0
2015-03-03 10:00:00,31,73.0,1.0,-9999.0,1.0,-9999.0,1.0,-9999.0,1.0,-9999.0,1.0,-9999.0,1.0,33.3,1.0,-9999.0,1.0,-9999.0,1.0,-9999.0,1.0,6.79913,1.0,63.7317,1.0,618.0,1.0,-9999.0,1.0,569.294,1.0,20.2107,1.0,2.58717,1.0
2015-03-03 11:00:00,31,40.0,1.0,-9999.0,1.0,-9999.0,1.0,-9999.0,1.0,-9999.0,1.0,-9999.0,1.0,47.2,1.0,-9999.0,1.0,-9999.0,1.0,-9999.0,1.0,21.7094,1.0,55.7517,1.0,617.865,1.0,-9999.0,1.0,766.32,1.0,21.5786,1.0,2.69749,1.0
2015-03-03 12:00:00,31,36.0,1.0,-9999.0,1.0,-9999.0,1.0,-9999.0,1.0,-9999.0,1.0,-9999.0,1.0,53.9,1.0,-9999.0,1.0,-9999.0,1.0,-9999.0,1.0,348.775,1.0,54.4869,1.0,617.425,1.0,-9999.0,1.0,639.064,1.0,21.9785,1.0,3.00976,1.0
2015-03-03 13:00:00,31,39.0,1.0,-9999.0,1.0,-9999.0,1.0,-9999.0,1.0,-9999.0,1.0,-9999.0,1.0,62.4,1.0,-9999.0,1.0,-9999.0,1.0,-9999.0,1.0,353.371,1.0,51.7261,1.0,616.732,1.0,-9999.0,1.0,662.442,1.0,22.9594,1.0,2.80878,1.0
2015-03-03 14:00:00,31,41.0,1.0,-9999.0,1.0,-9999.0,1.0,-9999.0,1.0,-9999.0,1.0,-9999.0,1.0,65.2,1.0,-9999.0,1.0,-9999.0,1.0,-9999.0,1.0,345.64,1.0,49.2062,1.0,616.008,1.0,-9999.0,1.0,790.425,1.0,23.6935,1.0,2.95833,1.0
2015-03-03 15:00:00,31,28.0,1.0,-9999.0,1.0,-9999.0,1.0,-9999.0,1.0,-9999.0,1.0,-9999.0,1.0,68.3,1.0,-9999.0,1.0,-9999.0,1.0,-9999.0,1.0,349.24,1.0,44.4664,1.0,615.132,1.0,-9999.0,1.0,716.142,1.0,24.8701,1.0,2.21188,1.0
2015-03-03 16:00:00,31,43.0,1.0,-9999.0,1.0,-9999.0,1.0,-9999.0,1.0,-9999.0,1.0,-9999.0,1.0,67.0,1.0,-9999.0,1.0,-9999.0,1.0,-9999.0,1.0,349.773,1.0,40.7318,1.0,614.526,1.0,-9999.0,1.0,537.808,1.0,25.4032,1.0,2.1877,1.0
2015-03-03 17:00:00,31,45.0,1.0,-9999.0,1.0,-9999.0,1.0,-9999.0,1.0,-9999.0,1.0,-9999.0,1.0,63.8,1.0,-9999.0,1.0,-9999.0,1.0,-9999.0,1.0,326.762,1.0,41.0458,1.0,614.256,1.0,-9999.0,1.0,306.214,1.0,25.1853,1.0,2.51128,1.0
2015-03-03 18:00:00,31,22.0,1.0,-9999.0,1.0,-9999.0,1.0,-9999.0,1.0,-9999.0,1.0,-9999.0,1.0,43.2,1.0,-9999.0,1.0,-9999.0,1.0,-9999.0,1.0,335.973,1.0,49.6738,1.0,614.586,1.0,-9999.0,1.0,46.5944,1.0,23.1846,1.0,2.65439,1.0
2015-03-03 19:00:00,31,37.0,1.0,-9999.0,1.0,-9999.0,1.0,-9999.0,1.0,-9999.0,1.0,-9999.0,1.0,32.3,1.0,-9999.0,1.0,-9999.0,1.0,-9999.0,1.0,344.309,1.0,57.0543,1.0,615.197,1.0,-9999.0,1.0,0.263889,1.0,21.5053,1.0,2.47404,1.0
2015-03-03 20:00:00,31,34.0,1.0,-9999.0,1.0,-9999.0,1.0,-9999.0,1.0,-9999.0,1.0,-9999.0,1.0,29.4,1.0,-9999.0,1.0,-9999.0,1.0,-9999.0,1.0,342.167,1.0,63.1443,1.0,615.812,1.0,-9999.0,1.0,0.0,1.0,20.5885,1.0,2.63571,1.0
2015-03-03 21:00:00,31,36.0,1.0,-9999.0,1.0,-9999.0,1.0,-9999.0,1.0,-9999.0,1.0,-9999.0,1.0,25.8,1.0,-9999.0,1.0,-9999.0,1.0,-9999.0,1.0,348.488,1.0,69.2675,1.0,616.208,1.0,-9999.0,1.0,0.0,1.0,19.6201,1.0,2.29261,1.0
2015-03-03 22:00:00,31,60.0,1.0,-9999.0,1.0,-9999.0,1.0,-9999.0,1.0,-9999.0,1.0,-9999.0,1.0,13.8,1.0,-9999.0,1.0,-9999.0,1.0,-9999.0,1.0,352.733,1.0,74.9883,1.0,616.71,1.0,-9999.0,1.0,0.0,1.0,18.7544,1.0,1.63936,1.0
2015-03-03 23:00:00,31,69.0,1.0,-9999.0,1.0,-9999.0,1.0,-9999.0,1.0,-9999.0,1.0,-9999.0,1.0,12.0,1.0,-9999.0,1.0,-9999.0,1.0,-9999.0,1.0,347.204,1.0,78.8892,1.0,617.14,1.0,-9999.0,1.0,0.0,1.0,18.1197,1.0,1.87042,1.0
2015-03-04 00:00:00,31,81.0,1.0,-9999.0,1.0,-9999.0,1.0,-9999.0,1.0,-9999.0,1.0,-9999.0,1.0,14.8,1.0,-9999.0,1.0,-9999.0,1.0,-9999.0,1.0,344.411,1.0,82.5108,1.0,617.05,1.0,-9999.0,1.0,0.0,1.0,17.4436,1.0,2.15778,1.0
2015-03-04 01:00:00,31,90.0,1.0,-9999.0,1.0,-9999.0,1.0,-9999.0,1.0,-9999.0,1.0,-9999.0,1.0,13.4,1.0,-9999.0,1.0,-9999.0,1.0,-9999.0,1.0,345.293,1.0,85.0036,1.0,616.655,1.0,-9999.0,1.0,0.0,1.0,16.9671,1.0,1.70472,1.0
2015-03-04 02:00:00,31,101.0,1.0,-9999.0,1.0,-9999.0,1.0,-9999.0,1.0,-9999.0,1.0,-9999.0,1.0,12.2,1.0,-9999.0,1.0,-9999.0,1.0,-9999.0,1.0,351.608,1.0,86.0515,1.0,616.13,1.0,-9999.0,1.0,0.0,1.0,16.8921,1.0,1.50699,1.0
2015-03-04 03:00:00,31,89.0,1.0,-9999.0,1.0,-9999.0,1.0,-9999.0,1.0,-9999.0,1.0,-9999.0,1.0,8.5,1.0,-9999.0,1.0,-9999.0,1.0,-9999.0,1.0,20.3459,1.0,86.16,1.0,615.859,1.0,-9999.0,1.0,0.0,1.0,16.2018,1.0,0.326763,1.0
2015-03-04 04:00:00,31,87.0,1.0,-9999.0,1.0,-9999.0,1.0,-9999.0,1.0,-9999.0,1.0,-9999.0,1.0,3.8,1.0,-9999.0,1.0,-9999.0,1.0,-9999.0,1.0,152.426,1.0,86.0708,1.0,615.755,1.0,-9999.0,1.0,0.0,1.0,14.9278,1.0,0.494476,1.0
2015-03-04 05:00:00,31,75.0,1.0,-9999.0,1.0,-9999.0,1.0,-9999.0,1.0,-9999.0,1.0,-9999.0,1.0,2.5,1.0,-9999.0,1.0,-9999.0,1.0,-9999.0,1.0,151.704,1.0,86.9754,1.0,615.988,1.0,-9999.0,1.0,0.0,1.0,14.5908,1.0,0.626225,1.0
2015-03-04 06:00:00,31,85.0,1.0,-9999.0,1.0,-9999.0,1.0,-9999.0,1.0,-9999.0,1.0,-9999.0,1.0,2.1,1.0,-9999.0,1.0,-9999.0,1.0,-9999.0,1.0,18.8932,1.0,88.0649,1.0,616.161,1.0,-9999.0,1.0,0.0,1.0,14.3372,1.0,0.28012,1.0
2015-03-04 07:00:00,31,111.0,1.0,-9999.0,1.0,-9999.0,1.0,-9999.0,1.0,-9999.0,1.0,-9999.0,1.0,2.7,1.0,-9999.0,1.0,-9999.0,1.0,-9999.0,1.0,57.5518,1.0,86.9878,1.0,616.82,1.0,-9999.0,1.0,4.26389,1.0,15.3,1.0,0.136131,1.0
2015-03-04 08:00:00,31,99.0,1.0,-9999.0,1.0,-9999.0,1.0,-9999.0,1.0,-9999.0,1.0,-9999.0,1.0,3.3,1.0,-9999.0,1.0,-9999.0,1.0,-9999.0,1.0,33.7338,1.0,83.1626,1.0,617.435,1.0,-9999.0,1.0,75.8333,1.0,15.9571,1.0,0.392382,1.0
2015-03-04 09:00:00,31,102.0,1.0,-9999.0,1.0,-9999.0,1.0,-9999.0,1.0,-9999.0,1.0,-9999.0,1.0,13.7,1.0,-9999.0,1.0,-9999.0,1.0,-9999.0,1.0,358.365,1.0,73.9686,1.0,617.625,1.0,-9999.0,1.0,362.392,1.0,18.7836,1.0,2.25509,1.0
2015-03-04 10:00:00,31,85.0,1.0,-9999.0,1.0,-9999.0,1.0,-9999.0,1.0,-9999.0,1.0,-9999.0,1.0,26.5,1.0,-9999.0,1.0,-9999.0,1.0,-9999.0,1.0,13.016,1.0,68.1267,1.0,617.894,1.0,-9999.0,1.0,295.225,1.0,19.6968,1.0,1.92203,1.0
2015-03-04 11:00:00,31,60.0,1.0,-9999.0,1.0,-9999.0,1.0,-9999.0,1.0,-9999.0,1.0,-9999.0,1.0,46.1,1.0,-9999.0,1.0,-9999.0,1.0,-9999.0,1.0,11.5992,1.0,59.4229,1.0,617.69,1.0,-9999.0,1.0,639.044,1.0,21.3224,1.0,1.98919,1.0
2015-03-04 12:00:00,31,66.0,1.0,-9999.0,1.0,-9999.0,1.0,-9999.0,1.0,-9999.0,1.0,-9999.0,1.0,66.3,1.0,-9999.0,1.0,-9999.0,1.0,-9999.0,1.0,3.93137,1.0,54.2261,1.0,617.179,1.0,-9999.0,1.0,619.293,1.0,22.7773,1.0,1.77443,1.0
2015-03-04 13:00:00,31,57.0,1.0,-9999.0,1.0,-9999.0,1.0,-9999.0,1.0,-9999.0,1.0,-9999.0,1.0,78.4,1.0,-9999.0,1.0,-9999.0,1.0,-9999.0,1.0,31.2463,1.0,48.0454,1.0,616.498,1.0,-9999.0,1.0,711.903,1.0,24.3806,1.0,1.00087,1.0
2015-03-04 14:00:00,31,54.0,1.0,-9999.0,1.0,-9999.0,1.0,-9999.0,1.0,-9999.0,1.0,-9999.0,1.0,101.3,1.0,-9999.0,1.0,-9999.0,1.0,-9999.0,1.0,318.379,1.0,44.0467,1.0,615.759,1.0,-9999.0,1.0,780.289,1.0,25.5657,1.0,1.11223,1.0
2015-03-04 15:00:00,31,53.0,1.0,-9999.0,1.0,-9999.0,1.0,-9999.0,1.0,-9999.0,1.0,-9999.0,1.0,87.9,1.0,-9999.0,1.0,-9999.0,1.0,-9999.0,1.0,190.451,1.0,44.4658,1.0,614.953,1.0,-9999.0,1.0,554.561,1.0,26.1961,1.0,1.06437,1.0
2015-03-04 16:00:00,31,57.0,1.0,-9999.0,1.0,-9999.0,1.0,-9999.0,1.0,-9999.0,1.0,-9999.0,1.0,71.7,1.0,-9999.0,1.0,-9999.0,1.0,-9999.0,1.0,213.272,1.0,48.9129,1.0,614.547,1.0,-9999.0,1.0,262.497,1.0,25.4107,1.0,1.02581,1.0
2015-03-04 17:00:00,31,42.0,1.0,-9999.0,1.0,-9999.0,1.0,-9999.0,1.0,-9999.0,1.0,-9999.0,1.0,57.0,1.0,-9999.0,1.0,-9999.0,1.0,-9999.0,1.0,357.02,1.0,46.0203,1.0,614.258,1.0,-9999.0,1.0,76.8805,1.0,24.8457,1.0,1.34805,1.0
2015-03-04 18:00:00,31,37.0,1.0,-9999.0,1.0,-9999.0,1.0,-9999.0,1.0,-9999.0,1.0,-9999.0,1.0,35.5,1.0,-9999.0,1.0,-9999.0,1.0,-9999.0,1.0,347.145,1.0,50.7972,1.0,614.747,1.0,-9999.0,1.0,23.0333,1.0,23.5707,1.0,0.745997,1.0
2015-03-04 19:00:00,31,66.0,1.0,-9999.0,1.0,-9999.0,1.0,-9999.0,1.0,-9999.0,1.0,-9999.0,1.0,28.2,1.0,-9999.0,1.0,-9999.0,1.0,-9999.0,1.0,351.239,1.0,58.4803,1.0,615.246,1.0,-9999.0,1.0,0.0,1.0,21.9147,1.0,1.31591,1.0
2015-03-04 20:00:00,31,62.0,1.0,-9999.0,1.0,-9999.0,1.0,-9999.0,1.0,-9999.0,1.0,-9999.0,1.0,21.2,1.0,-9999.0,1.0,-9999.0,1.0,-9999.0,1.0,0.407892,1.0,62.9883,1.0,616.011,1.0,-9999.0,1.0,0.0,1.0,20.8224,1.0,1.23624,1.0
2015-03-04 21:00:00,31,55.0,1.0,-9999.0,1.0,-9999.0,1.0,-9999.0,1.0,-9999.0,1.0,-9999.0,1.0,26.5,1.0,-9999.0,1.0,-9999.0,1.0,-9999.0,1.0,344.805,1.0,70.9572,1.0,616.591,1.0,-9999.0,1.0,0.0,1.0,19.8725,1.0,2.32944,1.0
2015-03-04 22:00:00,31,72.0,1.0,-9999.0,1.0,-9999.0,1.0,-9999.0,1.0,-9999.0,1.0,-9999.0,1.0,21.8,1.0,-9999.0,1.0,-9999.0,1.0,-9999.0,1.0,359.769,1.0,74.9912,1.0,617.206,1.0,-9999.0,1.0,0.0,1.0,19.1924,1.0,1.57062,1.0
2015-03-04 23:00:00,31,82.0,1.0,-9999.0,1.0,-9999.0,1.0,-9999.0,1.0,-9999.0,1.0,-9999.0,1.0,14.1,1.0,-9999.0,1.0,-9999.0,1.0,-9999.0,1.0,355.965,1.0,79.8526,1.0,617.507,1.0,-9999.0,1.0,0.0,1.0,18.4672,1.0,1.65415,1.0
2015-03-05 00:00:00,31,81.0,1.0,-9999.0,1.0,-9999.0,1.0,-9999.0,1.0,-9999.0,1.0,-9999.0,1.0,17.1,1.0,-9999.0,1.0,-9999.0,1.0,-9999.0,1.0,348.999,1.0,82.3047,1.0,617.625,1.0,-9999.0,1.0,0.0,1.0,18.0314,1.0,1.66746,1.0
2015-03-05 01:00:00,31,68.0,1.0,-9999.0,1.0,-9999.0,1.0,-9999.0,1.0,-9999.0,1.0,-9999.0,1.0,8.1,1.0,-9999.0,1.0,-9999.0,1.0,-9999.0,1.0,141.975,1.0,82.4999,1.0,617.32,1.0,-9999.0,1.0,0.0,1.0,16.7089,1.0,0.267513,1.0
2015-03-05 02:00:00,31,84.0,1.0,-9999.0,1.0,-9999.0,1.0,-9999.0,1.0,-9999.0,1.0,-9999.0,1.0,6.4,1.0,-9999.0,1.0,-9999.0,1.0,-9999.0,1.0,156.581,1.0,83.8356,1.0,617.006,1.0,-9999.0,1.0,-0.0555556,151.0,15.9647,1.0,0.600654,1.0
2015-03-05 03:00:00,31,66.0,1.0,-9999.0,1.0,-9999.0,1.0,-9999.0,1.0,-9999.0,1.0,-9999.0,1.0,6.3,1.0,-9999.0,1.0,-9999.0,1.0,-9999.0,1.0,296.15,1.0,86.6811,1.0,616.39,1.0,-9999.0,1.0,0.0,1.0,15.1251,1.0,0.138726,1.0
2015-03-05 04:00:00,31,79.0,1.0,-9999.0,1.0,-9999.0,1.0,-9999.0,1.0,-9999.0,1.0,-9999.0,1.0,6.2,1.0,-9999.0,1.0,-9999.0,1.0,-9999.0,1.0,308.123,1.0,86.1907,1.0,616.128,1.0,-9999.0,1.0,0.0,1.0,15.9674,1.0,0.0816062,1.0
2015-03-05 05:00:00,31,96.0,1.0,-9999.0,1.0,-9999.0,1.0,-9999.0,1.0,-9999.0,1.0,-9999.0,1.0,4.6,1.0,-9999.0,1.0,-9999.0,1.0,-9999.0,1.0,76.2096,1.0,85.7479,1.0,616.244,1.0,-9999.0,1.0,0.0,1.0,16.0219,1.0,0.0771252,1.0
2015-03-05 06:00:00,31,99.0,1.0,-9999.0,1.0,-9999.0,1.0,-9999.0,1.0,-9999.0,1.0,-9999.0,1.0,2.1,1.0,-9999.0,1.0,-9999.0,1.0,-9999.0,1.0,146.462,1.0,87.3842,1.0,616.683,1.0,-9999.0,1.0,0.0,1.0,14.9637,1.0,0.532761,1.0
2015-03-05 07:00:00,31,98.0,1.0,-9999.0,1.0,-9999.0,1.0,-9999.0,1.0,-9999.0,1.0,-9999.0,1.0,2.0,1.0,-9999.0,1.0,-9999.0,1.0,-9999.0,1.0,171.204,1.0,86.7694,1.0,617.122,1.0,-9999.0,1.0,12.1278,1.0,15.315,1.0,0.214871,1.0
2015-03-05 08:00:00,31,110.0,1.0,-9999.0,1.0,-9999.0,1.0,-9999.0,1.0,-9999.0,1.0,-9999.0,1.0,3.3,1.0,-9999.0,1.0,-9999.0,1.0,-9999.0,1.0,8.68854,1.0,82.9568,1.0,617.493,1.0,-9999.0,1.0,48.8278,1.0,16.7371,1.0,0.737863,1.0
2015-03-05 09:00:00,31,101.0,1.0,-9999.0,1.0,-9999.0,1.0,-9999.0,1.0,-9999.0,1.0,-9999.0,1.0,12.3,1.0,-9999.0,1.0,-9999.0,1.0,-9999.0,1.0,18.7034,1.0,75.0753,1.0,617.788,1.0,-9999.0,1.0,158.031,1.0,18.4753,1.0,1.55068,1.0
2015-03-05 10:00:00,31,92.0,1.0,-9999.0,1.0,-9999.0,1.0,-9999.0,1.0,-9999.0,1.0,-9999.0,1.0,25.7,1.0,-9999.0,1.0,-9999.0,1.0,-9999.0,1.0,23.0554,1.0,69.4446,1.0,618.0,1.0,-9999.0,1.0,265.839,1.0,19.6207,1.0,1.80675,1.0
2015-03-05 11:00:00,31,88.0,1.0,-9999.0,1.0,-9999.0,1.0,-9999.0,1.0,-9999.0,1.0,-9999.0,1.0,46.9,1.0,-9999.0,1.0,-9999.0,1.0,-9999.0,1.0,7.18009,1.0,62.0444,1.0,617.773,1.0,-9999.0,1.0,680.667,1.0,21.3693,1.0,2.37568,1.0
2015-03-05 12:00:00,31,77.0,1.0,-9999.0,1.0,-9999.0,1.0,-9999.0,1.0,-9999.0,1.0,-9999.0,1.0,64.3,1.0,-9999.0,1.0,-9999.0,1.0,-9999.0,1.0,7.43522,1.0,57.769,1.0,617.362,1.0,-9999.0,1.0,428.297,1.0,22.1319,1.0,2.07459,1.0
2015-03-05 13:00:00,31,85.0,1.0,-9999.0,1.0,-9999.0,1.0,-9999.0,1.0,-9999.0,1.0,-9999.0,1.0,75.6,1.0,-9999.0,1.0,-9999.0,1.0,-9999.0,1.0,345.891,1.0,54.9542,1.0,616.808,1.0,-9999.0,1.0,319.845,1.0,22.6731,1.0,2.14676,1.0
2015-03-05 14:00:00,31,40.0,1.0,-9999.0,1.0,-9999.0,1.0,-9999.0,1.0,-9999.0,1.0,-9999.0,1.0,63.4,1.0,-9999.0,1.0,-9999.0,1.0,-9999.0,1.0,4.45296,1.0,49.416,1.0,616.169,1.0,-9999.0,1.0,796.372,1.0,24.0711,1.0,2.48709,1.0
2015-03-05 15:00:00,31,44.0,1.0,-9999.0,1.0,-9999.0,1.0,-9999.0,1.0,-9999.0,1.0,-9999.0,1.0,58.5,1.0,-9999.0,1.0,-9999.0,1.0,-9999.0,1.0,8.47396,1.0,45.9161,1.0,615.52,1.0,-9999.0,1.0,670.083,1.0,25.0693,1.0,1.99973,1.0
2015-03-05 16:00:00,31,39.0,1.0,-9999.0,1.0,-9999.0,1.0,-9999.0,1.0,-9999.0,1.0,-9999.0,1.0,60.7,1.0,-9999.0,1.0,-9999.0,1.0,-9999.0,1.0,345.417,1.0,44.1144,1.0,614.866,1.0,-9999.0,1.0,525.606,1.0,25.3232,1.0,2.72459,1.0
2015-03-05 17:00:00,31,41.0,1.0,-9999.0,1.0,-9999.0,1.0,-9999.0,1.0,-9999.0,1.0,-9999.0,1.0,45.4,1.0,-9999.0,1.0,-9999.0,1.0,-9999.0,1.0,16.4925,1.0,44.1826,1.0,614.784,1.0,-9999.0,1.0,178.222,1.0,24.8956,1.0,2.07587,1.0
2015-03-05 18:00:00,31,41.0,1.0,-9999.0,1.0,-9999.0,1.0,-9999.0,1.0,-9999.0,1.0,-9999.0,1.0,35.4,1.0,-9999.0,1.0,-9999.0,1.0,-9999.0,1.0,356.617,1.0,49.8515,1.0,615.227,1.0,-9999.0,1.0,11.1472,1.0,22.8778,1.0,1.48885,1.0
2015-03-05 19:00:00,31,60.0,1.0,-9999.0,1.0,-9999.0,1.0,-9999.0,1.0,-9999.0,1.0,-9999.0,1.0,29.1,1.0,-9999.0,1.0,-9999.0,1.0,-9999.0,1.0,353.138,1.0,58.5289,1.0,615.854,1.0,-9999.0,1.0,0.0,1.0,21.572,1.0,1.469,1.0
2015-03-05 20:00:00,31,60.0,1.0,-9999.0,1.0,-9999.0,1.0,-9999.0,1.0,-9999.0,1.0,-9999.0,1.0,31.8,1.0,-9999.0,1.0,-9999.0,1.0,-9999.0,1.0,352.31,1.0,64.1254,1.0,616.746,1.0,-9999.0,1.0,0.0,1.0,20.7687,1.0,2.01651,1.0
2015-03-05 21:00:00,31,74.0,1.0,-9999.0,1.0,-9999.0,1.0,-9999.0,1.0,-9999.0,1.0,-9999.0,1.0,24.0,1.0,-9999.0,1.0,-9999.0,1.0,-9999.0,1.0,4.86038,1.0,69.4979,1.0,617.388,1.0,-9999.0,1.0,0.0,1.0,19.8344,1.0,1.3207,1.0
2015-03-05 22:00:00,31,97.0,1.0,-9999.0,1.0,-9999.0,1.0,-9999.0,1.0,-9999.0,1.0,-9999.0,1.0,14.5,1.0,-9999.0,1.0,-9999.0,1.0,-9999.0,1.0,355.79,1.0,74.7208,1.0,617.915,1.0,-9999.0,1.0,0.0,1.0,18.8585,1.0,1.66284,1.0
2015-03-05 23:00:00,31,108.0,1.0,-9999.0,1.0,-9999.0,1.0,-9999.0,1.0,-9999.0,1.0,-9999.0,1.0,10.2,1.0,-9999.0,1.0,-9999.0,1.0,-9999.0,1.0,348.823,1.0,78.1628,1.0,618.01,1.0,-9999.0,1.0,0.0,1.0,18.1464,1.0,1.57772,1.0
2015-03-06 00:00:00,31,82.0,1.0,-9999.0,1.0,-9999.0,1.0,-9999.0,1.0,-9999.0,1.0,-9999.0,1.0,16.2,1.0,-9999.0,1.0,-9999.0,1.0,-9999.0,1.0,340.35,1.0,79.3868,1.0,617.935,1.0,-9999.0,1.0,0.0,1.0,17.7379,1.0,1.71931,1.0
2015-03-06 01:00:00,31,104.0,1.0,-9999.0,1.0,-9999.0,1.0,-9999.0,1.0,-9999.0,1.0,-9999.0,1.0,11.2,1.0,-9999.0,1.0,-9999.0,1.0,-9999.0,1.0,353.358,1.0,80.4,1.0,617.627,1.0,-9999.0,1.0,0.0,1.0,17.7386,1.0,1.34157,1.0
2015-03-06 02:00:00,31,108.0,1.0,-9999.0,1.0,-9999.0,1.0,-9999.0,1.0,-9999.0,1.0,-9999.0,1.0,14.5,1.0,-9999.0,1.0,-9999.0,1.0,-9999.0,1.0,346.88,1.0,81.5879,1.0,617.113,1.0,-9999.0,1.0,0.0,1.0,17.6401,1.0,1.66343,1.0
2015-03-06 03:00:00,31,118.0,1.0,-9999.0,1.0,-9999.0,1.0,-9999.0,1.0,-9999.0,1.0,-9999.0,1.0,14.5,1.0,-9999.0,1.0,-9999.0,1.0,-9999.0,1.0,340.123,1.0,83.3824,1.0,616.727,1.0,-9999.0,1.0,0.0,1.0,17.1604,1.0,1.4871,1.0
2015-03-06 04:00:00,31,113.0,1.0,-9999.0,1.0,-9999.0,1.0,-9999.0,1.0,-9999.0,1.0,-9999.0,1.0,12.8,1.0,-9999.0,1.0,-9999.0,1.0,-9999.0,1.0,336.715,1.0,83.6417,1.0,616.666,1.0,-9999.0,1.0,0.0,1.0,16.8561,1.0,0.936402,1.0
2015-03-06 05:00:00,31,118.0,1.0,-9999.0,1.0,-9999.0,1.0,-9999.0,1.0,-9999.0,1.0,-9999.0,1.0,7.3,1.0,-9999.0,1.0,-9999.0,1.0,-9999.0,1.0,316.615,1.0,84.8122,1.0,616.694,1.0,-9999.0,1.0,0.0,1.0,16.5064,1.0,0.353743,1.0
2015-03-06 06:00:00,31,141.0,1.0,-9999.0,1.0,-9999.0,1.0,-9999.0,1.0,-9999.0,1.0,-9999.0,1.0,3.4,1.0,-9999.0,1.0,-9999.0,1.0,-9999.0,1.0,345.304,1.0,84.3411,1.0,617.023,1.0,-9999.0,1.0,0.0,1.0,16.6457,1.0,1.61667,1.0
2015-03-06 07:00:00,31,129.0,1.0,-9999.0,1.0,-9999.0,1.0,-9999.0,1.0,-9999.0,1.0,-9999.0,1.0,2.9,1.0,-9999.0,1.0,-9999.0,1.0,-9999.0,1.0,350.085,1.0,83.2629,1.0,617.557,1.0,-9999.0,1.0,0.883333,1.0,16.803,1.0,1.49707,1.0
2015-03-06 08:00:00,31,152.0,1.0,-9999.0,1.0,-9999.0,1.0,-9999.0,1.0,-9999.0,1.0,-9999.0,1.0,3.5,1.0,-9999.0,1.0,-9999.0,1.0,-9999.0,1.0,0.807042,1.0,80.9582,1.0,617.643,1.0,-9999.0,1.0,31.7361,1.0,17.4447,1.0,1.45324,1.0
2015-03-06 09:00:00,31,138.0,1.0,-9999.0,1.0,-9999.0,1.0,-9999.0,1.0,-9999.0,1.0,-9999.0,1.0,14.6,1.0,-9999.0,1.0,-9999.0,1.0,-9999.0,1.0,356.151,1.0,72.1428,1.0,618.003,1.0,-9999.0,1.0,177.256,1.0,18.8014,1.0,1.85891,1.0
2015-03-06 10:00:00,31,94.0,1.0,-9999.0,1.0,-9999.0,1.0,-9999.0,1.0,-9999.0,1.0,-9999.0,1.0,35.4,1.0,-9999.0,1.0,-9999.0,1.0,-9999.0,1.0,353.459,1.0,61.7899,1.0,618.344,1.0,-9999.0,1.0,274.797,1.0,20.0362,1.0,2.12296,1.0
2015-03-06 11:00:00,31,65.0,1.0,-9999.0,1.0,-9999.0,1.0,-9999.0,1.0,-9999.0,1.0,-9999.0,1.0,47.2,1.0,-9999.0,1.0,-9999.0,1.0,-9999.0,1.0,358.277,1.0,56.1775,1.0,618.049,1.0,-9999.0,1.0,286.444,1.0,20.8487,1.0,2.26872,1.0
2015-03-06 12:00:00,31,77.0,1.0,-9999.0,1.0,-9999.0,1.0,-9999.0,1.0,-9999.0,1.0,-9999.0,1.0,47.4,1.0,-9999.0,1.0,-9999.0,1.0,-9999.0,1.0,359.594,1.0,56.4204,1.0,617.831,1.0,-9999.0,1.0,163.203,1.0,20.9862,1.0,1.56557,1.0
2015-03-06 13:00:00,31,60.0,1.0,-9999.0,1.0,-9999.0,1.0,-9999.0,1.0,-9999.0,1.0,-9999.0,1.0,52.0,1.0,-9999.0,1.0,-9999.0,1.0,-9999.0,1.0,353.201,1.0,55.5036,1.0,617.412,1.0,-9999.0,1.0,219.417,1.0,21.4242,1.0,1.7603,1.0
2015-03-06 14:00:00,31,59.0,1.0,-9999.0,1.0,-9999.0,1.0,-9999.0,1.0,-9999.0,1.0,-9999.0,1.0,45.3,1.0,-9999.0,1.0,-9999.0,1.0,-9999.0,1.0,36.3881,1.0,57.6229,1.0,616.822,1.0,-9999.0,1.0,185.208,1.0,21.2929,1.0,2.2131,1.0
2015-03-06 15:00:00,31,54.0,1.0,-9999.0,1.0,-9999.0,1.0,-9999.0,1.0,-9999.0,1.0,-9999.0,1.0,40.3,1.0,-9999.0,1.0,-9999.0,1.0,-9999.0,1.0,14.6343,1.0,61.8344,1.0,616.269,1.0,-9999.0,1.0,389.958,1.0,20.7356,1.0,2.56607,1.0
2015-03-06 16:00:00,31,53.0,1.0,-9999.0,1.0,-9999.0,1.0,-9999.0,1.0,-9999.0,1.0,-9999.0,1.0,43.8,1.0,-9999.0,1.0,-9999.0,1.0,-9999.0,1.0,5.88341,1.0,55.2653,1.0,615.812,1.0,-9999.0,1.0,478.306,1.0,21.7743,1.0,2.54155,1.0
2015-03-06 17:00:00,31,49.0,1.0,-9999.0,1.0,-9999.0,1.0,-9999.0,1.0,-9999.0,1.0,-9999.0,1.0,38.5,1.0,-9999.0,1.0,-9999.0,1.0,-9999.0,1.0,1.64367,1.0,55.4094,1.0,615.471,1.0,-9999.0,1.0,230.906,1.0,21.7676,1.0,2.50244,1.0
2015-03-06 18:00:00,31,50.0,1.0,-9999.0,1.0,-9999.0,1.0,-9999.0,1.0,-9999.0,1.0,-9999.0,1.0,31.5,1.0,-9999.0,1.0,-9999.0,1.0,-9999.0,1.0,346.922,1.0,55.7994,1.0,615.619,1.0,-9999.0,1.0,69.2,1.0,20.9894,1.0,2.08234,1.0
2015-03-06 19:00:00,31,69.0,1.0,-9999.0,1.0,-9999.0,1.0,-9999.0,1.0,-9999.0,1.0,-9999.0,1.0,19.0,1.0,-9999.0,1.0,-9999.0,1.0,-9999.0,1.0,345.365,1.0,60.9538,1.0,616.188,1.0,-9999.0,1.0,0.258333,1.0,19.5662,1.0,1.33605,1.0
2015-03-06 20:00:00,31,71.0,1.0,-9999.0,1.0,-9999.0,1.0,-9999.0,1.0,-9999.0,1.0,-9999.0,1.0,8.4,1.0,-9999.0,1.0,-9999.0,1.0,-9999.0,1.0,340.591,1.0,66.9736,1.0,616.98,1.0,-9999.0,1.0,0.0,1.0,18.8431,1.0,1.64278,1.0
2015-03-06 21:00:00,31,94.0,1.0,-9999.0,1.0,-9999.0,1.0,-9999.0,1.0,-9999.0,1.0,-9999.0,1.0,6.9,1.0,-9999.0,1.0,-9999.0,1.0,-9999.0,1.0,348.929,1.0,69.8349,1.0,617.369,1.0,-9999.0,1.0,-0.0555556,151.0,18.5972,1.0,1.77022,1.0
2015-03-06 22:00:00,31,101.0,1.0,-9999.0,1.0,-9999.0,1.0,-9999.0,1.0,-9999.0,1.0,-9999.0,1.0,5.3,1.0,-9999.0,1.0,-9999.0,1.0,-9999.0,1.0,350.957,1.0,73.7993,1.0,617.852,1.0,-9999.0,1.0,0.0,1.0,18.5135,1.0,1.92872,1.0
2015-03-06 23:00:00,31,90.0,1.0,-9999.0,1.0,-9999.0,1.0,-9999.0,1.0,-9999.0,1.0,-9999.0,1.0,10.6,1.0,-9999.0,1.0,-9999.0,1.0,-9999.0,1.0,353.822,1.0,78.7096,1.0,618.031,1.0,-9999.0,1.0,0.0,1.0,18.2808,1.0,2.10689,1.0
2015-03-07 00:00:00,31,91.0,1.0,-9999.0,1.0,-9999.0,1.0,-9999.0,1.0,-9999.0,1.0,-9999.0,1.0,8.9,1.0,-9999.0,1.0,-9999.0,1.0,-9999.0,1.0,352.563,1.0,78.5385,1.0,618.005,1.0,-9999.0,1.0,0.0,1.0,17.8426,1.0,1.79058,1.0
2015-03-07 01:00:00,31,90.0,1.0,-9999.0,1.0,-9999.0,1.0,-9999.0,1.0,-9999.0,1.0,-9999.0,1.0,6.3,1.0,-9999.0,1.0,-9999.0,1.0,-9999.0,1.0,354.052,1.0,76.9668,1.0,617.693,1.0,-9999.0,1.0,0.0,1.0,17.6828,1.0,1.86579,1.0
2015-03-07 02:00:00,31,73.0,1.0,-9999.0,1.0,-9999.0,1.0,-9999.0,1.0,-9999.0,1.0,-9999.0,1.0,9.5,1.0,-9999.0,1.0,-9999.0,1.0,-9999.0,1.0,5.23487,1.0,76.7781,1.0,617.415,1.0,-9999.0,1.0,0.0,1.0,17.425,1.0,1.52936,1.0
2015-03-07 03:00:00,31,85.0,1.0,-9999.0,1.0,-9999.0,1.0,-9999.0,1.0,-9999.0,1.0,-9999.0,1.0,8.6,1.0,-9999.0,1.0,-9999.0,1.0,-9999.0,1.0,350.024,1.0,78.299,1.0,616.996,1.0,-9999.0,1.0,0.0,1.0,16.9618,1.0,1.71064,1.0
2015-03-07 04:00:00,31,90.0,1.0,-9999.0,1.0,-9999.0,1.0,-9999.0,1.0,-9999.0,1.0,-9999.0,1.0,8.5,1.0,-9999.0,1.0,-9999.0,1.0,-9999.0,1.0,336.883,1.0,81.0928,1.0,616.883,1.0,-9999.0,1.0,0.0,1.0,16.3429,1.0,1.76452,1.0
2015-03-07 05:00:00,31,94.0,1.0,-9999.0,1.0,-9999.0,1.0,-9999.0,1.0,-9999.0,1.0,-9999.0,1.0,9.6,1.0,-9999.0,1.0,-9999.0,1.0,-9999.0,1.0,339.6,1.0,81.0576,1.0,617.036,1.0,-9999.0,1.0,0.0,1.0,16.2078,1.0,1.53208,1.0
2015-03-07 06:00:00,31,89.0,1.0,-9999.0,1.0,-9999.0,1.0,-9999.0,1.0,-9999.0,1.0,-9999.0,1.0,2.9,1.0,-9999.0,1.0,-9999.0,1.0,-9999.0,1.0,131.471,1.0,83.8101,1.0,617.5,1.0,-9999.0,1.0,0.0,1.0,15.3899,1.0,0.36587,1.0
2015-03-07 07:00:00,31,83.0,1.0,-9999.0,1.0,-9999.0,1.0,-9999.0,1.0,-9999.0,1.0,-9999.0,1.0,2.2,1.0,-9999.0,1.0,-9999.0,1.0,-9999.0,1.0,224.089,1.0,84.456,1.0,617.854,1.0,-9999.0,1.0,11.0139,1.0,14.9601,1.0,0.13554,1.0
2015-03-07 08:00:00,31,112.0,1.0,-9999.0,1.0,-9999.0,1.0,-9999.0,1.0,-9999.0,1.0,-9999.0,1.0,4.8,1.0,-9999.0,1.0,-9999.0,1.0,-9999.0,1.0,139.599,1.0,78.1696,1.0,618.261,1.0,-9999.0,1.0,112.708,1.0,16.3085,1.0,0.690396,1.0
2015-03-07 09:00:00,31,93.0,1.0,-9999.0,1.0,-9999.0,1.0,-9999.0,1.0,-9999.0,1.0,-9999.0,1.0,14.2,1.0,-9999.0,1.0,-9999.0,1.0,-9999.0,1.0,42.8637,1.0,71.0797,1.0,618.388,1.0,-9999.0,1.0,223.894,1.0,18.4137,1.0,1.1568,1.0
2015-03-07 10:00:00,31,76.0,1.0,-9999.0,1.0,-9999.0,1.0,-9999.0,1.0,-9999.0,1.0,-9999.0,1.0,42.2,1.0,-9999.0,1.0,-9999.0,1.0,-9999.0,1.0,8.74174,1.0,59.0823,1.0,618.376,1.0,-9999.0,1.0,543.499,1.0,21.1924,1.0,2.11253,1.0
2015-03-07 11:00:00,31,64.0,1.0,-9999.0,1.0,-9999.0,1.0,-9999.0,1.0,-9999.0,1.0,-9999.0,1.0,64.1,1.0,-9999.0,1.0,-9999.0,1.0,-9999.0,1.0,3.17121,1.0,54.1338,1.0,618.036,1.0,-9999.0,1.0,546.369,1.0,22.6533,1.0,1.81204,1.0
2015-03-07 12:00:00,31,70.0,1.0,-9999.0,1.0,-9999.0,1.0,-9999.0,1.0,-9999.0,1.0,-9999.0,1.0,84.2,1.0,-9999.0,1.0,-9999.0,1.0,-9999.0,1.0,337.789,1.0,50.2756,1.0,617.397,1.0,-9999.0,1.0,692.661,1.0,23.7511,1.0,1.72268,1.0
2015-03-07 13:00:00,31,71.0,1.0,-9999.0,1.0,-9999.0,1.0,-9999.0,1.0,-9999.0,1.0,-9999.0,1.0,100.2,1.0,-9999.0,1.0,-9999.0,1.0,-9999.0,1.0,10.0126,1.0,47.3401,1.0,616.639,1.0,-9999.0,1.0,404.028,1.0,24.6518,1.0,1.3553,1.0
2015-03-07 14:00:00,31,71.0,1.0,-9999.0,1.0,-9999.0,1.0,-9999.0,1.0,-9999.0,1.0,-9999.0,1.0,61.5,1.0,-9999.0,1.0,-9999.0,1.0,-9999.0,1.0,10.9519,1.0,56.7006,1.0,616.145,1.0,-9999.0,1.0,101.875,1.0,22.7171,1.0,1.8505,1.0
2015-03-07 15:00:00,31,51.0,1.0,-9999.0,1.0,-9999.0,1.0,-9999.0,1.0,-9999.0,1.0,-9999.0,1.0,34.6,1.0,-9999.0,1.0,-9999.0,1.0,-9999.0,1.0,13.4277,1.0,67.0928,1.0,615.998,1.0,-9999.0,1.0,100.447,1.0,20.7887,1.0,2.39186,1.0
2015-03-07 16:00:00,31,63.0,1.0,-9999.0,1.0,-9999.0,1.0,-9999.0,1.0,-9999.0,1.0,-9999.0,1.0,27.1,1.0,-9999.0,1.0,-9999.0,1.0,-9999.0,1.0,16.8168,1.0,72.8461,1.0,615.75,1.0,-9999.0,1.0,108.786,1.0,20.1065,1.0,2.17039,1.0
2015-03-07 17:00:00,31,71.0,1.0,-9999.0,1.0,-9999.0,1.0,-9999.0,1.0,-9999.0,1.0,-9999.0,1.0,27.5,1.0,-9999.0,1.0,-9999.0,1.0,-9999.0,1.0,13.3268,1.0,72.7603,1.0,615.451,1.0,-9999.0,1.0,50.4167,1.0,19.9654,1.0,2.34491,1.0
2015-03-07 18:00:00,31,81.0,1.0,-9999.0,1.0,-9999.0,1.0,-9999.0,1.0,-9999.0,1.0,-9999.0,1.0,23.9,1.0,-9999.0,1.0,-9999.0,1.0,-9999.0,1.0,10.5267,1.0,73.8014,1.0,615.489,1.0,-9999.0,1.0,25.8389,1.0,19.8353,1.0,2.21836,1.0
2015-03-07 19:00:00,31,71.0,1.0,-9999.0,1.0,-9999.0,1.0,-9999.0,1.0,-9999.0,1.0,-9999.0,1.0,14.8,1.0,-9999.0,1.0,-9999.0,1.0,-9999.0,1.0,355.265,1.0,75.4093,1.0,615.932,1.0,-9999.0,1.0,0.0388889,1.0,19.1511,1.0,1.86642,1.0
2015-03-07 20:00:00,31,93.0,1.0,-9999.0,1.0,-9999.0,1.0,-9999.0,1.0,-9999.0,1.0,-9999.0,1.0,4.9,1.0,-9999.0,1.0,-9999.0,1.0,-9999.0,1.0,347.197,1.0,77.8708,1.0,616.237,1.0,-9999.0,1.0,0.0,1.0,18.4392,1.0,1.76449,1.0
2015-03-07 21:00:00,31,74.0,1.0,-9999.0,1.0,-9999.0,1.0,-9999.0,1.0,-9999.0,1.0,-9999.0,1.0,6.7,1.0,-9999.0,1.0,-9999.0,1.0,-9999.0,1.0,344.466,1.0,78.5232,1.0,616.896,1.0,-9999.0,1.0,-0.0555556,151.0,18.0807,1.0,2.06465,1.0
2015-03-07 22:00:00,31,85.0,1.0,-9999.0,1.0,-9999.0,1.0,-9999.0,1.0,-9999.0,1.0,-9999.0,1.0,4.5,1.0,-9999.0,1.0,-9999.0,1.0,-9999.0,1.0,348.525,1.0,81.5825,1.0,617.342,1.0,-9999.0,1.0,0.0,1.0,17.8653,1.0,1.94815,1.0
2015-03-07 23:00:00,31,82.0,1.0,-9999.0,1.0,-9999.0,1.0,-9999.0,1.0,-9999.0,1.0,-9999.0,1.0,8.2,1.0,-9999.0,1.0,-9999.0,1.0,-9999.0,1.0,353.912,1.0,81.8776,1.0,617.59,1.0,-9999.0,1.0,0.0,1.0,17.8806,1.0,1.97023,1.0
2015-03-08 00:00:00,31,63.0,1.0,-9999.0,1.0,-9999.0,1.0,-9999.0,1.0,-9999.0,1.0,-9999.0,1.0,8.3,1.0,-9999.0,1.0,-9999.0,1.0,-9999.0,1.0,356.141,1.0,82.5436,1.0,617.544,1.0,-9999.0,1.0,0.0,1.0,17.726,1.0,1.81188,1.0
2015-03-08 01:00:00,31,64.0,1.0,-9999.0,1.0,-9999.0,1.0,-9999.0,1.0,-9999.0,1.0,-9999.0,1.0,8.0,1.0,-9999.0,1.0,-9999.0,1.0,-9999.0,1.0,351.893,1.0,83.5963,1.0,617.104,1.0,-9999.0,1.0,0.0,1.0,17.4507,1.0,1.94552,1.0
2015-03-08 02:00:00,31,71.0,1.0,-9999.0,1.0,-9999.0,1.0,-9999.0,1.0,-9999.0,1.0,-9999.0,1.0,5.9,1.0,-9999.0,1.0,-9999.0,1.0,-9999.0,1.0,348.904,1.0,88.1089,1.0,616.747,1.0,-9999.0,1.0,0.0,1.0,16.7815,1.0,1.76108,1.0
2015-03-08 03:00:00,31,60.0,1.0,-9999.0,1.0,-9999.0,1.0,-9999.0,1.0,-9999.0,1.0,-9999.0,1.0,8.7,1.0,-9999.0,1.0,-9999.0,1.0,-9999.0,1.0,5.32791,1.0,90.701,1.0,616.243,1.0,-9999.0,1.0,0.0,1.0,16.3592,1.0,1.73427,1.0
2015-03-08 04:00:00,31,61.0,1.0,-9999.0,1.0,-9999.0,1.0,-9999.0,1.0,-9999.0,1.0,-9999.0,1.0,7.8,1.0,-9999.0,1.0,-9999.0,1.0,-9999.0,1.0,342.169,1.0,90.4264,1.0,616.125,1.0,-9999.0,1.0,0.0,1.0,16.236,1.0,2.03441,1.0
2015-03-08 05:00:00,31,73.0,1.0,-9999.0,1.0,-9999.0,1.0,-9999.0,1.0,-9999.0,1.0,-9999.0,1.0,6.9,1.0,-9999.0,1.0,-9999.0,1.0,-9999.0,1.0,342.552,1.0,90.4439,1.0,616.13,1.0,-9999.0,1.0,0.0,1.0,16.1256,1.0,1.70415,1.0
2015-03-08 06:00:00,31,73.0,1.0,-9999.0,1.0,-9999.0,1.0,-9999.0,1.0,-9999.0,1.0,-9999.0,1.0,4.9,1.0,-9999.0,1.0,-9999.0,1.0,-9999.0,1.0,340.061,1.0,89.7475,1.0,616.249,1.0,-9999.0,1.0,0.0,1.0,16.1954,1.0,2.35952,1.0
2015-03-08 07:00:00,31,79.0,1.0,-9999.0,1.0,-9999.0,1.0,-9999.0,1.0,-9999.0,1.0,-9999.0,1.0,3.5,1.0,-9999.0,1.0,-9999.0,1.0,-9999.0,1.0,342.398,1.0,89.8403,1.0,616.549,1.0,-9999.0,1.0,1.16389,1.0,16.044,1.0,1.94165,1.0
2015-03-08 08:00:00,31,78.0,1.0,-9999.0,1.0,-9999.0,1.0,-9999.0,1.0,-9999.0,1.0,-9999.0,1.0,7.2,1.0,-9999.0,1.0,-9999.0,1.0,-9999.0,1.0,347.268,1.0,88.0886,1.0,617.047,1.0,-9999.0,1.0,22.825,1.0,16.3943,1.0,1.37973,1.0
2015-03-08 09:00:00,31,90.0,1.0,-9999.0,1.0,-9999.0,1.0,-9999.0,1.0,-9999.0,1.0,-9999.0,1.0,15.8,1.0,-9999.0,1.0,-9999.0,1.0,-9999.0,1.0,1.25157,1.0,80.75,1.0,617.246,1.0,-9999.0,1.0,290.017,1.0,17.889,1.0,2.19996,1.0
2015-03-08 10:00:00,31,67.0,1.0,-9999.0,1.0,-9999.0,1.0,-9999.0,1.0,-9999.0,1.0,-9999.0,1.0,36.6,1.0,-9999.0,1.0,-9999.0,1.0,-9999.0,1.0,13.8718,1.0,66.8326,1.0,617.205,1.0,-9999.0,1.0,588.225,1.0,20.4983,1.0,2.64113,1.0
2015-03-08 11:00:00,31,45.0,1.0,-9999.0,1.0,-9999.0,1.0,-9999.0,1.0,-9999.0,1.0,-9999.0,1.0,52.5,1.0,-9999.0,1.0,-9999.0,1.0,-9999.0,1.0,3.49738,1.0,55.9865,1.0,616.73,1.0,-9999.0,1.0,752.111,1.0,22.5393,1.0,2.38782,1.0
2015-03-08 12:00:00,31,30.0,1.0,-9999.0,1.0,-9999.0,1.0,-9999.0,1.0,-9999.0,1.0,-9999.0,1.0,61.0,1.0,-9999.0,1.0,-9999.0,1.0,-9999.0,1.0,343.564,1.0,51.3631,1.0,616.076,1.0,-9999.0,1.0,851.864,1.0,23.6572,1.0,2.88451,1.0
2015-03-08 13:00:00,31,26.0,1.0,-9999.0,1.0,-9999.0,1.0,-9999.0,1.0,-9999.0,1.0,-9999.0,1.0,56.9,1.0,-9999.0,1.0,-9999.0,1.0,-9999.0,1.0,344.027,1.0,45.9989,1.0,615.416,1.0,-9999.0,1.0,892.906,1.0,24.9039,1.0,3.08169,1.0
2015-03-08 14:00:00,31,27.0,1.0,-9999.0,1.0,-9999.0,1.0,-9999.0,1.0,-9999.0,1.0,-9999.0,1.0,48.7,1.0,-9999.0,1.0,-9999.0,1.0,-9999.0,1.0,337.977,1.0,40.771,1.0,614.596,1.0,-9999.0,1.0,840.461,1.0,26.0458,1.0,3.46978,1.0
2015-03-08 15:00:00,31,17.0,1.0,-9999.0,1.0,-9999.0,1.0,-9999.0,1.0,-9999.0,1.0,-9999.0,1.0,41.3,1.0,-9999.0,1.0,-9999.0,1.0,-9999.0,1.0,348.427,1.0,38.4692,1.0,613.938,1.0,-9999.0,1.0,624.336,1.0,26.844,1.0,2.97939,1.0
2015-03-08 16:00:00,31,21.0,1.0,-9999.0,1.0,-9999.0,1.0,-9999.0,1.0,-9999.0,1.0,-9999.0,1.0,33.4,1.0,-9999.0,1.0,-9999.0,1.0,-9999.0,1.0,32.7088,1.0,35.6033,1.0,613.516,1.0,-9999.0,1.0,387.567,1.0,27.4374,1.0,1.37543,1.0
2015-03-08 17:00:00,31,25.0,1.0,-9999.0,1.0,-9999.0,1.0,-9999.0,1.0,-9999.0,1.0,-9999.0,1.0,33.7,1.0,-9999.0,1.0,-9999.0,1.0,-9999.0,1.0,41.6649,1.0,34.1031,1.0,613.5,1.0,-9999.0,1.0,246.192,1.0,27.0225,1.0,1.44056,1.0
2015-03-08 18:00:00,31,15.0,1.0,-9999.0,1.0,-9999.0,1.0,-9999.0,1.0,-9999.0,1.0,-9999.0,1.0,36.5,1.0,-9999.0,1.0,-9999.0,1.0,-9999.0,1.0,21.6147,1.0,39.9043,1.0,613.578,1.0,-9999.0,1.0,55.3944,1.0,25.5958,1.0,1.68957,1.0
2015-03-08 19:00:00,31,35.0,1.0,-9999.0,1.0,-9999.0,1.0,-9999.0,1.0,-9999.0,1.0,-9999.0,1.0,36.1,1.0,-9999.0,1.0,-9999.0,1.0,-9999.0,1.0,356.154,1.0,50.4515,1.0,614.182,1.0,-9999.0,1.0,0.0,1.0,23.154,1.0,2.05693,1.0
2015-03-08 20:00:00,31,36.0,1.0,-9999.0,1.0,-9999.0,1.0,-9999.0,1.0,-9999.0,1.0,-9999.0,1.0,37.2,1.0,-9999.0,1.0,-9999.0,1.0,-9999.0,1.0,345.528,1.0,58.2974,1.0,614.851,1.0,-9999.0,1.0,0.0,1.0,21.6967,1.0,2.54174,1.0
2015-03-08 21:00:00,31,35.0,1.0,-9999.0,1.0,-9999.0,1.0,-9999.0,1.0,-9999.0,1.0,-9999.0,1.0,29.8,1.0,-9999.0,1.0,-9999.0,1.0,-9999.0,1.0,350.611,1.0,63.0022,1.0,615.521,1.0,-9999.0,1.0,0.0,1.0,20.8482,1.0,2.22293,1.0
2015-03-08 22:00:00,31,55.0,1.0,-9999.0,1.0,-9999.0,1.0,-9999.0,1.0,-9999.0,1.0,-9999.0,1.0,18.2,1.0,-9999.0,1.0,-9999.0,1.0,-9999.0,1.0,350.902,1.0,67.9975,1.0,615.922,1.0,-9999.0,1.0,0.0,1.0,20.0807,1.0,1.93138,1.0
2015-03-08 23:00:00,31,46.0,1.0,-9999.0,1.0,-9999.0,1.0,-9999.0,1.0,-9999.0,1.0,-9999.0,1.0,13.9,1.0,-9999.0,1.0,-9999.0,1.0,-9999.0,1.0,13.5127,1.0,73.3392,1.0,616.122,1.0,-9999.0,1.0,0.0,1.0,19.5375,1.0,1.71229,1.0
2015-03-09 00:00:00,31,49.0,1.0,-9999.0,1.0,-9999.0,1.0,-9999.0,1.0,-9999.0,1.0,-9999.0,1.0,20.6,1.0,-9999.0,1.0,-9999.0,1.0,-9999.0,1.0,18.5126,1.0,76.6303,1.0,616.095,1.0,-9999.0,1.0,0.0,1.0,19.5212,1.0,1.9359,1.0
2015-03-09 01:00:00,31,45.0,1.0,-9999.0,1.0,-9999.0,1.0,-9999.0,1.0,-9999.0,1.0,-9999.0,1.0,20.3,1.0,-9999.0,1.0,-9999.0,1.0,-9999.0,1.0,348.413,1.0,80.4401,1.0,615.739,1.0,-9999.0,1.0,0.0,1.0,18.7629,1.0,2.17655,1.0
2015-03-09 02:00:00,31,53.0,1.0,-9999.0,1.0,-9999.0,1.0,-9999.0,1.0,-9999.0,1.0,-9999.0,1.0,16.7,1.0,-9999.0,1.0,-9999.0,1.0,-9999.0,1.0,348.368,1.0,82.0032,1.0,615.266,1.0,-9999.0,1.0,-0.0555556,151.0,18.2197,1.0,2.45298,1.0
2015-03-09 03:00:00,31,51.0,1.0,-9999.0,1.0,-9999.0,1.0,-9999.0,1.0,-9999.0,1.0,-9999.0,1.0,16.4,1.0,-9999.0,1.0,-9999.0,1.0,-9999.0,1.0,341.203,1.0,82.7162,1.0,614.99,1.0,-9999.0,1.0,0.0,1.0,17.6554,1.0,2.44915,1.0
2015-03-09 04:00:00,31,55.0,1.0,-9999.0,1.0,-9999.0,1.0,-9999.0,1.0,-9999.0,1.0,-9999.0,1.0,12.7,1.0,-9999.0,1.0,-9999.0,1.0,-9999.0,1.0,341.91,1.0,84.6745,1.0,614.783,1.0,-9999.0,1.0,0.0,1.0,17.045,1.0,2.46672,1.0
2015-03-09 05:00:00,31,48.0,1.0,-9999.0,1.0,-9999.0,1.0,-9999.0,1.0,-9999.0,1.0,-9999.0,1.0,8.3,1.0,-9999.0,1.0,-9999.0,1.0,-9999.0,1.0,341.423,1.0,84.6401,1.0,614.678,1.0,-9999.0,1.0,0.0,1.0,16.5229,1.0,2.41848,1.0
2015-03-09 06:00:00,31,48.0,1.0,-9999.0,1.0,-9999.0,1.0,-9999.0,1.0,-9999.0,1.0,-9999.0,1.0,7.2,1.0,-9999.0,1.0,-9999.0,1.0,-9999.0,1.0,347.304,1.0,82.6953,1.0,615.12,1.0,-9999.0,1.0,0.0,1.0,16.202,1.0,1.2815,1.0
2015-03-09 07:00:00,31,63.0,1.0,-9999.0,1.0,-9999.0,1.0,-9999.0,1.0,-9999.0,1.0,-9999.0,1.0,2.6,1.0,-9999.0,1.0,-9999.0,1.0,-9999.0,1.0,137.973,1.0,85.1126,1.0,615.531,1.0,-9999.0,1.0,6.84444,1.0,14.6729,1.0,0.558817,1.0
2015-03-09 08:00:00,31,50.0,1.0,-9999.0,1.0,-9999.0,1.0,-9999.0,1.0,-9999.0,1.0,-9999.0,1.0,5.4,1.0,-9999.0,1.0,-9999.0,1.0,-9999.0,1.0,150.65,1.0,76.9781,1.0,615.825,1.0,-9999.0,1.0,155.689,1.0,16.6008,1.0,0.978815,1.0
2015-03-09 09:00:00,31,33.0,1.0,-9999.0,1.0,-9999.0,1.0,-9999.0,1.0,-9999.0,1.0,-9999.0,1.0,17.8,1.0,-9999.0,1.0,-9999.0,1.0,-9999.0,1.0,55.8322,1.0,63.1685,1.0,615.985,1.0,-9999.0,1.0,371.763,1.0,20.6602,1.0,0.93913,1.0
2015-03-09 10:00:00,31,48.0,1.0,-9999.0,1.0,-9999.0,1.0,-9999.0,1.0,-9999.0,1.0,-9999.0,1.0,35.8,1.0,-9999.0,1.0,-9999.0,1.0,-9999.0,1.0,26.4616,1.0,54.2806,1.0,616.042,1.0,-9999.0,1.0,567.847,1.0,22.9756,1.0,2.06017,1.0
2015-03-09 11:00:00,31,28.0,1.0,-9999.0,1.0,-9999.0,1.0,-9999.0,1.0,-9999.0,1.0,-9999.0,1.0,52.5,1.0,-9999.0,1.0,-9999.0,1.0,-9999.0,1.0,23.0114,1.0,46.0438,1.0,615.632,1.0,-9999.0,1.0,746.144,1.0,24.9725,1.0,1.86566,1.0
2015-03-09 12:00:00,31,27.0,1.0,-9999.0,1.0,-9999.0,1.0,-9999.0,1.0,-9999.0,1.0,-9999.0,1.0,67.1,1.0,-9999.0,1.0,-9999.0,1.0,-9999.0,1.0,11.5875,1.0,40.6174,1.0,615.025,1.0,-9999.0,1.0,688.858,1.0,26.7351,1.0,0.734497,1.0
2015-03-09 13:00:00,31,26.0,1.0,-9999.0,1.0,-9999.0,1.0,-9999.0,1.0,-9999.0,1.0,-9999.0,1.0,44.5,1.0,-9999.0,1.0,-9999.0,1.0,-9999.0,1.0,308.141,1.0,37.1899,1.0,614.446,1.0,-9999.0,1.0,641.772,1.0,27.9653,1.0,0.503342,1.0
2015-03-09 14:00:00,31,31.0,1.0,-9999.0,1.0,-9999.0,1.0,-9999.0,1.0,-9999.0,1.0,-9999.0,1.0,47.6,1.0,-9999.0,1.0,-9999.0,1.0,-9999.0,1.0,234.231,1.0,43.4728,1.0,613.897,1.0,-9999.0,1.0,224.017,1.0,27.1397,1.0,1.13006,1.0
2015-03-09 15:00:00,31,31.0,1.0,-9999.0,1.0,-9999.0,1.0,-9999.0,1.0,-9999.0,1.0,-9999.0,1.0,53.2,1.0,-9999.0,1.0,-9999.0,1.0,-9999.0,1.0,259.331,1.0,46.8089,1.0,613.497,1.0,-9999.0,1.0,161.403,1.0,26.824,1.0,0.697522,1.0
2015-03-09 16:00:00,31,27.0,1.0,-9999.0,1.0,-9999.0,1.0,-9999.0,1.0,-9999.0,1.0,-9999.0,1.0,28.6,1.0,-9999.0,1.0,-9999.0,1.0,-9999.0,1.0,2.84557,1.0,40.1926,1.0,613.206,1.0,-9999.0,1.0,130.814,1.0,26.5362,1.0,2.04648,1.0
2015-03-09 17:00:00,31,22.0,1.0,-9999.0,1.0,-9999.0,1.0,-9999.0,1.0,-9999.0,1.0,-9999.0,1.0,23.7,1.0,-9999.0,1.0,-9999.0,1.0,-9999.0,1.0,91.1857,1.0,40.6761,1.0,613.46,1.0,-9999.0,1.0,52.5389,1.0,25.6851,1.0,0.944385,1.0
2015-03-09 18:00:00,31,26.0,1.0,-9999.0,1.0,-9999.0,1.0,-9999.0,1.0,-9999.0,1.0,-9999.0,1.0,27.0,1.0,-9999.0,1.0,-9999.0,1.0,-9999.0,1.0,95.3549,1.0,43.9688,1.0,613.996,1.0,-9999.0,1.0,21.7611,1.0,24.465,1.0,1.3524,1.0
2015-03-09 19:00:00,31,30.0,1.0,-9999.0,1.0,-9999.0,1.0,-9999.0,1.0,-9999.0,1.0,-9999.0,1.0,27.7,1.0,-9999.0,1.0,-9999.0,1.0,-9999.0,1.0,28.513,1.0,50.4596,1.0,614.714,1.0,-9999.0,1.0,0.0,1.0,23.3367,1.0,1.53575,1.0
2015-03-09 20:00:00,31,30.0,1.0,-9999.0,1.0,-9999.0,1.0,-9999.0,1.0,-9999.0,1.0,-9999.0,1.0,31.1,1.0,-9999.0,1.0,-9999.0,1.0,-9999.0,1.0,357.298,1.0,59.4021,1.0,615.372,1.0,-9999.0,1.0,0.0,1.0,21.8472,1.0,1.75743,1.0
2015-03-09 21:00:00,31,47.0,1.0,-9999.0,1.0,-9999.0,1.0,-9999.0,1.0,-9999.0,1.0,-9999.0,1.0,22.6,1.0,-9999.0,1.0,-9999.0,1.0,-9999.0,1.0,359.49,1.0,63.4599,1.0,616.047,1.0,-9999.0,1.0,0.0,1.0,20.8282,1.0,1.73424,1.0
2015-03-09 22:00:00,31,35.0,1.0,-9999.0,1.0,-9999.0,1.0,-9999.0,1.0,-9999.0,1.0,-9999.0,1.0,23.2,1.0,-9999.0,1.0,-9999.0,1.0,-9999.0,1.0,357.791,1.0,66.0636,1.0,616.427,1.0,-9999.0,1.0,0.0,1.0,20.1471,1.0,1.95878,1.0
2015-03-09 23:00:00,31,48.0,1.0,-9999.0,1.0,-9999.0,1.0,-9999.0,1.0,-9999.0,1.0,-9999.0,1.0,11.4,1.0,-9999.0,1.0,-9999.0,1.0,-9999.0,1.0,351.367,1.0,69.804,1.0,616.504,1.0,-9999.0,1.0,0.0,1.0,19.316,1.0,1.9287,1.0
2015-03-10 00:00:00,31,39.0,1.0,-9999.0,1.0,-9999.0,1.0,-9999.0,1.0,-9999.0,1.0,-9999.0,1.0,13.9,1.0,-9999.0,1.0,-9999.0,1.0,-9999.0,1.0,338.22,1.0,73.0824,1.0,616.513,1.0,-9999.0,1.0,0.0,1.0,18.5547,1.0,2.4645,1.0
2015-03-10 01:00:00,31,43.0,1.0,-9999.0,1.0,-9999.0,1.0,-9999.0,1.0,-9999.0,1.0,-9999.0,1.0,11.7,1.0,-9999.0,1.0,-9999.0,1.0,-9999.0,1.0,335.46,1.0,74.735,1.0,616.207,1.0,-9999.0,1.0,0.0,1.0,18.3789,1.0,1.77686,1.0
2015-03-10 02:00:00,31,47.0,1.0,-9999.0,1.0,-9999.0,1.0,-9999.0,1.0,-9999.0,1.0,-9999.0,1.0,5.8,1.0,-9999.0,1.0,-9999.0,1.0,-9999.0,1.0,182.438,1.0,80.946,1.0,615.75,1.0,-9999.0,1.0,0.0,1.0,16.7536,1.0,0.249617,1.0
2015-03-10 03:00:00,31,38.0,1.0,-9999.0,1.0,-9999.0,1.0,-9999.0,1.0,-9999.0,1.0,-9999.0,1.0,4.2,1.0,-9999.0,1.0,-9999.0,1.0,-9999.0,1.0,144.988,1.0,85.0761,1.0,615.466,1.0,-9999.0,1.0,0.0,1.0,15.3083,1.0,0.444197,1.0
2015-03-10 04:00:00,31,46.0,1.0,-9999.0,1.0,-9999.0,1.0,-9999.0,1.0,-9999.0,1.0,-9999.0,1.0,3.2,1.0,-9999.0,1.0,-9999.0,1.0,-9999.0,1.0,176.155,1.0,86.9764,1.0,615.691,1.0,-9999.0,1.0,0.0,1.0,14.6378,1.0,0.470927,1.0
2015-03-10 05:00:00,31,44.0,1.0,-9999.0,1.0,-9999.0,1.0,-9999.0,1.0,-9999.0,1.0,-9999.0,1.0,2.2,1.0,-9999.0,1.0,-9999.0,1.0,-9999.0,1.0,178.229,1.0,87.3001,1.0,616.059,1.0,-9999.0,1.0,0.0,1.0,14.4706,1.0,0.444687,1.0
2015-03-10 06:00:00,31,61.0,1.0,-9999.0,1.0,-9999.0,1.0,-9999.0,1.0,-9999.0,1.0,-9999.0,1.0,2.3,1.0,-9999.0,1.0,-9999.0,1.0,-9999.0,1.0,335.925,1.0,88.5669,1.0,616.125,1.0,-9999.0,1.0,0.0,1.0,14.6658,1.0,0.371242,1.0
2015-03-10 07:00:00,31,65.0,1.0,-9999.0,1.0,-9999.0,1.0,-9999.0,1.0,-9999.0,1.0,-9999.0,1.0,3.2,1.0,-9999.0,1.0,-9999.0,1.0,-9999.0,1.0,346.01,1.0,85.8415,1.0,616.281,1.0,-9999.0,1.0,6.85556,1.0,16.8568,1.0,2.50693,1.0
2015-03-10 08:00:00,31,68.0,1.0,-9999.0,1.0,-9999.0,1.0,-9999.0,1.0,-9999.0,1.0,-9999.0,1.0,8.8,1.0,-9999.0,1.0,-9999.0,1.0,-9999.0,1.0,352.231,1.0,78.7749,1.0,616.719,1.0,-9999.0,1.0,178.925,1.0,18.6537,1.0,2.44683,1.0
2015-03-10 09:00:00,31,67.0,1.0,-9999.0,1.0,-9999.0,1.0,-9999.0,1.0,-9999.0,1.0,-9999.0,1.0,19.4,1.0,-9999.0,1.0,-9999.0,1.0,-9999.0,1.0,0.861044,1.0,68.9486,1.0,616.875,1.0,-9999.0,1.0,352.264,1.0,20.7286,1.0,2.26509,1.0
2015-03-10 10:00:00,31,53.0,1.0,-9999.0,1.0,-9999.0,1.0,-9999.0,1.0,-9999.0,1.0,-9999.0,1.0,39.9,1.0,-9999.0,1.0,-9999.0,1.0,-9999.0,1.0,2.09378,1.0,57.7355,1.0,616.875,1.0,-9999.0,1.0,559.836,1.0,23.018,1.0,2.39831,1.0
2015-03-10 11:00:00,31,35.0,1.0,-9999.0,1.0,-9999.0,1.0,-9999.0,1.0,-9999.0,1.0,-9999.0,1.0,52.5,1.0,-9999.0,1.0,-9999.0,1.0,-9999.0,1.0,359.359,1.0,49.6105,1.0,616.454,1.0,-9999.0,1.0,436.375,1.0,24.3333,1.0,2.35439,1.0
2015-03-10 12:00:00,31,24.0,1.0,-9999.0,1.0,-9999.0,1.0,-9999.0,1.0,-9999.0,1.0,-9999.0,1.0,38.4,1.0,-9999.0,1.0,-9999.0,1.0,-9999.0,1.0,346.216,1.0,40.6819,1.0,615.911,1.0,-9999.0,1.0,348.194,1.0,25.7114,1.0,1.84732,1.0
2015-03-10 13:00:00,31,33.0,1.0,-9999.0,1.0,-9999.0,1.0,-9999.0,1.0,-9999.0,1.0,-9999.0,1.0,46.5,1.0,-9999.0,1.0,-9999.0,1.0,-9999.0,1.0,216.669,1.0,46.2042,1.0,615.367,1.0,-9999.0,1.0,501.369,1.0,26.3882,1.0,1.05631,1.0
2015-03-10 14:00:00,31,15.0,1.0,-9999.0,1.0,-9999.0,1.0,-9999.0,1.0,-9999.0,1.0,-9999.0,1.0,28.9,1.0,-9999.0,1.0,-9999.0,1.0,-9999.0,1.0,123.074,1.0,36.816,1.0,614.741,1.0,-9999.0,1.0,495.475,1.0,27.6122,1.0,1.81325,1.0
2015-03-10 15:00:00,31,13.0,1.0,-9999.0,1.0,-9999.0,1.0,-9999.0,1.0,-9999.0,1.0,-9999.0,1.0,27.2,1.0,-9999.0,1.0,-9999.0,1.0,-9999.0,1.0,110.193,1.0,35.4533,1.0,614.287,1.0,-9999.0,1.0,547.008,1.0,27.3217,1.0,3.25687,1.0
2015-03-10 16:00:00,31,12.0,1.0,-9999.0,1.0,-9999.0,1.0,-9999.0,1.0,-9999.0,1.0,-9999.0,1.0,31.0,1.0,-9999.0,1.0,-9999.0,1.0,-9999.0,1.0,107.332,1.0,34.7367,1.0,613.998,1.0,-9999.0,1.0,507.403,1.0,27.5132,1.0,2.82422,1.0
2015-03-10 17:00:00,31,15.0,1.0,-9999.0,1.0,-9999.0,1.0,-9999.0,1.0,-9999.0,1.0,-9999.0,1.0,30.8,1.0,-9999.0,1.0,-9999.0,1.0,-9999.0,1.0,105.088,1.0,34.9987,1.0,614.167,1.0,-9999.0,1.0,306.861,1.0,27.3483,1.0,1.20609,1.0
2015-03-10 18:00:00,31,17.0,1.0,-9999.0,1.0,-9999.0,1.0,-9999.0,1.0,-9999.0,1.0,-9999.0,1.0,28.2,1.0,-9999.0,1.0,-9999.0,1.0,-9999.0,1.0,357.914,1.0,40.5794,1.0,614.414,1.0,-9999.0,1.0,73.7445,1.0,25.4912,1.0,1.73222,1.0
2015-03-10 19:00:00,31,25.0,1.0,-9999.0,1.0,-9999.0,1.0,-9999.0,1.0,-9999.0,1.0,-9999.0,1.0,27.7,1.0,-9999.0,1.0,-9999.0,1.0,-9999.0,1.0,23.6764,1.0,50.0647,1.0,614.938,1.0,-9999.0,1.0,0.0444444,1.0,23.6579,1.0,1.90241,1.0
2015-03-10 20:00:00,31,46.0,1.0,-9999.0,1.0,-9999.0,1.0,-9999.0,1.0,-9999.0,1.0,-9999.0,1.0,28.3,1.0,-9999.0,1.0,-9999.0,1.0,-9999.0,1.0,23.4416,1.0,55.7926,1.0,615.866,1.0,-9999.0,1.0,-0.0555556,151.0,22.58,1.0,1.84294,1.0
2015-03-10 21:00:00,31,24.0,1.0,-9999.0,1.0,-9999.0,1.0,-9999.0,1.0,-9999.0,1.0,-9999.0,1.0,30.2,1.0,-9999.0,1.0,-9999.0,1.0,-9999.0,1.0,22.1281,1.0,57.5147,1.0,616.41,1.0,-9999.0,1.0,0.0,1.0,22.1461,1.0,2.22151,1.0
2015-03-10 22:00:00,31,35.0,1.0,-9999.0,1.0,-9999.0,1.0,-9999.0,1.0,-9999.0,1.0,-9999.0,1.0,22.1,1.0,-9999.0,1.0,-9999.0,1.0,-9999.0,1.0,1.81792,1.0,62.7307,1.0,616.867,1.0,-9999.0,1.0,0.0,1.0,21.3597,1.0,1.95779,1.0
2015-03-10 23:00:00,31,24.0,1.0,-9999.0,1.0,-9999.0,1.0,-9999.0,1.0,-9999.0,1.0,-9999.0,1.0,20.3,1.0,-9999.0,1.0,-9999.0,1.0,-9999.0,1.0,343.63,1.0,68.9617,1.0,617.091,1.0,-9999.0,1.0,0.0,1.0,20.3325,1.0,2.37685,1.0
2015-03-11 00:00:00,31,45.0,1.0,-9999.0,1.0,-9999.0,1.0,-9999.0,1.0,-9999.0,1.0,-9999.0,1.0,20.5,1.0,-9999.0,1.0,-9999.0,1.0,-9999.0,1.0,346.7,1.0,69.9304,1.0,617.193,1.0,-9999.0,1.0,0.0,1.0,19.6922,1.0,2.82384,1.0
2015-03-11 01:00:00,31,37.0,1.0,-9999.0,1.0,-9999.0,1.0,-9999.0,1.0,-9999.0,1.0,-9999.0,1.0,16.4,1.0,-9999.0,1.0,-9999.0,1.0,-9999.0,1.0,350.153,1.0,73.6135,1.0,617.031,1.0,-9999.0,1.0,0.0,1.0,18.7774,1.0,1.97073,1.0
2015-03-11 02:00:00,31,28.0,1.0,-9999.0,1.0,-9999.0,1.0,-9999.0,1.0,-9999.0,1.0,-9999.0,1.0,17.3,1.0,-9999.0,1.0,-9999.0,1.0,-9999.0,1.0,344.898,1.0,75.1746,1.0,616.628,1.0,-9999.0,1.0,0.0,1.0,18.2181,1.0,2.21219,1.0
2015-03-11 03:00:00,31,39.0,1.0,-9999.0,1.0,-9999.0,1.0,-9999.0,1.0,-9999.0,1.0,-9999.0,1.0,16.1,1.0,-9999.0,1.0,-9999.0,1.0,-9999.0,1.0,340.066,1.0,76.5182,1.0,616.138,1.0,-9999.0,1.0,0.0,1.0,17.6725,1.0,2.3375,1.0
2015-03-11 04:00:00,31,30.0,1.0,-9999.0,1.0,-9999.0,1.0,-9999.0,1.0,-9999.0,1.0,-9999.0,1.0,13.5,1.0,-9999.0,1.0,-9999.0,1.0,-9999.0,1.0,355.783,1.0,77.4815,1.0,616.125,1.0,-9999.0,1.0,0.0,1.0,17.1429,1.0,0.858657,1.0
2015-03-11 05:00:00,31,40.0,1.0,-9999.0,1.0,-9999.0,1.0,-9999.0,1.0,-9999.0,1.0,-9999.0,1.0,2.5,1.0,-9999.0,1.0,-9999.0,1.0,-9999.0,1.0,131.385,1.0,84.2974,1.0,616.252,1.0,-9999.0,1.0,-0.0555556,151.0,15.2218,1.0,0.622588,1.0
2015-03-11 06:00:00,31,52.0,1.0,-9999.0,1.0,-9999.0,1.0,-9999.0,1.0,-9999.0,1.0,-9999.0,1.0,2.3,1.0,-9999.0,1.0,-9999.0,1.0,-9999.0,1.0,156.051,1.0,86.0612,1.0,616.636,1.0,-9999.0,1.0,0.0,1.0,14.7358,1.0,0.342132,1.0
2015-03-11 07:00:00,31,61.0,1.0,-9999.0,1.0,-9999.0,1.0,-9999.0,1.0,-9999.0,1.0,-9999.0,1.0,2.3,1.0,-9999.0,1.0,-9999.0,1.0,-9999.0,1.0,159.471,1.0,86.6376,1.0,617.096,1.0,-9999.0,1.0,6.37222,1.0,14.5694,1.0,0.53583,1.0
2015-03-11 08:00:00,31,48.0,1.0,-9999.0,1.0,-9999.0,1.0,-9999.0,1.0,-9999.0,1.0,-9999.0,1.0,5.9,1.0,-9999.0,1.0,-9999.0,1.0,-9999.0,1.0,45.2234,1.0,77.7473,1.0,617.56,1.0,-9999.0,1.0,162.937,1.0,17.4087,1.0,0.504967,1.0
2015-03-11 09:00:00,31,53.0,1.0,-9999.0,1.0,-9999.0,1.0,-9999.0,1.0,-9999.0,1.0,-9999.0,1.0,18.1,1.0,-9999.0,1.0,-9999.0,1.0,-9999.0,1.0,7.1648,1.0,68.0755,1.0,617.602,1.0,-9999.0,1.0,338.286,1.0,20.3756,1.0,2.76055,1.0
2015-03-11 10:00:00,31,33.0,1.0,-9999.0,1.0,-9999.0,1.0,-9999.0,1.0,-9999.0,1.0,-9999.0,1.0,35.3,1.0,-9999.0,1.0,-9999.0,1.0,-9999.0,1.0,8.6124,1.0,54.5029,1.0,617.471,1.0,-9999.0,1.0,555.522,1.0,23.1213,1.0,2.40333,1.0
2015-03-11 11:00:00,31,31.0,1.0,-9999.0,1.0,-9999.0,1.0,-9999.0,1.0,-9999.0,1.0,-9999.0,1.0,54.2,1.0,-9999.0,1.0,-9999.0,1.0,-9999.0,1.0,345.112,1.0,48.3937,1.0,616.965,1.0,-9999.0,1.0,670.75,1.0,24.8081,1.0,2.92406,1.0
2015-03-11 12:00:00,31,34.0,1.0,-9999.0,1.0,-9999.0,1.0,-9999.0,1.0,-9999.0,1.0,-9999.0,1.0,61.7,1.0,-9999.0,1.0,-9999.0,1.0,-9999.0,1.0,6.88306,1.0,41.3826,1.0,616.359,1.0,-9999.0,1.0,651.639,1.0,26.5586,1.0,1.56889,1.0
2015-03-11 13:00:00,31,17.0,1.0,-9999.0,1.0,-9999.0,1.0,-9999.0,1.0,-9999.0,1.0,-9999.0,1.0,26.8,1.0,-9999.0,1.0,-9999.0,1.0,-9999.0,1.0,128.448,1.0,34.5797,1.0,615.942,1.0,-9999.0,1.0,750.695,1.0,27.8696,1.0,2.31237,1.0
2015-03-11 14:00:00,31,4.0,1.0,-9999.0,1.0,-9999.0,1.0,-9999.0,1.0,-9999.0,1.0,-9999.0,1.0,27.9,1.0,-9999.0,1.0,-9999.0,1.0,-9999.0,1.0,34.2007,1.0,32.5815,1.0,615.322,1.0,-9999.0,1.0,777.747,1.0,28.2269,1.0,1.54255,1.0
2015-03-11 15:00:00,31,3.0,1.0,-9999.0,1.0,-9999.0,1.0,-9999.0,1.0,-9999.0,1.0,-9999.0,1.0,30.1,1.0,-9999.0,1.0,-9999.0,1.0,-9999.0,1.0,116.052,1.0,32.2782,1.0,614.706,1.0,-9999.0,1.0,763.756,1.0,28.8596,1.0,1.50221,1.0
2015-03-11 16:00:00,31,5.0,1.0,-9999.0,1.0,-9999.0,1.0,-9999.0,1.0,-9999.0,1.0,-9999.0,1.0,37.8,1.0,-9999.0,1.0,-9999.0,1.0,-9999.0,1.0,118.858,1.0,32.8081,1.0,614.42,1.0,-9999.0,1.0,604.844,1.0,28.3746,1.0,1.81107,1.0
2015-03-11 17:00:00,31,8.0,1.0,-9999.0,1.0,-9999.0,1.0,-9999.0,1.0,-9999.0,1.0,-9999.0,1.0,35.6,1.0,-9999.0,1.0,-9999.0,1.0,-9999.0,1.0,53.804,1.0,34.6433,1.0,614.477,1.0,-9999.0,1.0,374.678,1.0,28.0421,1.0,0.806265,1.0
2015-03-11 18:00:00,31,20.0,1.0,-9999.0,1.0,-9999.0,1.0,-9999.0,1.0,-9999.0,1.0,-9999.0,1.0,34.8,1.0,-9999.0,1.0,-9999.0,1.0,-9999.0,1.0,317.502,1.0,39.3706,1.0,614.651,1.0,-9999.0,1.0,46.4972,1.0,25.6135,1.0,0.72185,1.0
2015-03-11 19:00:00,31,20.0,1.0,-9999.0,1.0,-9999.0,1.0,-9999.0,1.0,-9999.0,1.0,-9999.0,1.0,31.6,1.0,-9999.0,1.0,-9999.0,1.0,-9999.0,1.0,295.323,1.0,46.7428,1.0,615.213,1.0,-9999.0,1.0,0.15,1.0,23.4982,1.0,0.885935,1.0
2015-03-11 20:00:00,31,33.0,1.0,-9999.0,1.0,-9999.0,1.0,-9999.0,1.0,-9999.0,1.0,-9999.0,1.0,27.5,1.0,-9999.0,1.0,-9999.0,1.0,-9999.0,1.0,359.638,1.0,48.3304,1.0,615.917,1.0,-9999.0,1.0,0.0,1.0,22.9721,1.0,2.04293,1.0
2015-03-11 21:00:00,31,33.0,1.0,-9999.0,1.0,-9999.0,1.0,-9999.0,1.0,-9999.0,1.0,-9999.0,1.0,28.2,1.0,-9999.0,1.0,-9999.0,1.0,-9999.0,1.0,353.074,1.0,54.81,1.0,616.755,1.0,-9999.0,1.0,0.0,1.0,22.3129,1.0,1.87029,1.0
2015-03-11 22:00:00,31,40.0,1.0,-9999.0,1.0,-9999.0,1.0,-9999.0,1.0,-9999.0,1.0,-9999.0,1.0,23.3,1.0,-9999.0,1.0,-9999.0,1.0,-9999.0,1.0,0.555672,1.0,62.2049,1.0,617.365,1.0,-9999.0,1.0,0.0,1.0,21.6007,1.0,1.75335,1.0
2015-03-11 23:00:00,31,55.0,1.0,-9999.0,1.0,-9999.0,1.0,-9999.0,1.0,-9999.0,1.0,-9999.0,1.0,16.7,1.0,-9999.0,1.0,-9999.0,1.0,-9999.0,1.0,356.955,1.0,70.8668,1.0,617.543,1.0,-9999.0,1.0,0.0,1.0,20.9374,1.0,2.09075,1.0
2015-03-12 00:00:00,31,38.0,1.0,-9999.0,1.0,-9999.0,1.0,-9999.0,1.0,-9999.0,1.0,-9999.0,1.0,21.5,1.0,-9999.0,1.0,-9999.0,1.0,-9999.0,1.0,5.92295,1.0,72.5978,1.0,617.534,1.0,-9999.0,1.0,0.0,1.0,20.141,1.0,2.23479,1.0
2015-03-12 01:00:00,31,36.0,1.0,-9999.0,1.0,-9999.0,1.0,-9999.0,1.0,-9999.0,1.0,-9999.0,1.0,18.0,1.0,-9999.0,1.0,-9999.0,1.0,-9999.0,1.0,350.513,1.0,73.96,1.0,616.954,1.0,-9999.0,1.0,0.0,1.0,19.0347,1.0,2.22156,1.0
2015-03-12 02:00:00,31,35.0,1.0,-9999.0,1.0,-9999.0,1.0,-9999.0,1.0,-9999.0,1.0,-9999.0,1.0,12.8,1.0,-9999.0,1.0,-9999.0,1.0,-9999.0,1.0,343.495,1.0,77.6301,1.0,616.568,1.0,-9999.0,1.0,0.0,1.0,18.3347,1.0,2.66744,1.0
2015-03-12 03:00:00,31,43.0,1.0,-9999.0,1.0,-9999.0,1.0,-9999.0,1.0,-9999.0,1.0,-9999.0,1.0,7.7,1.0,-9999.0,1.0,-9999.0,1.0,-9999.0,1.0,352.086,1.0,79.6,1.0,616.164,1.0,-9999.0,1.0,0.0,1.0,18.1275,1.0,2.3381,1.0
2015-03-12 04:00:00,31,41.0,1.0,-9999.0,1.0,-9999.0,1.0,-9999.0,1.0,-9999.0,1.0,-9999.0,1.0,10.0,1.0,-9999.0,1.0,-9999.0,1.0,-9999.0,1.0,344.875,1.0,79.5321,1.0,616.273,1.0,-9999.0,1.0,0.0,1.0,17.8958,1.0,1.96777,1.0
2015-03-12 05:00:00,31,43.0,1.0,-9999.0,1.0,-9999.0,1.0,-9999.0,1.0,-9999.0,1.0,-9999.0,1.0,8.0,1.0,-9999.0,1.0,-9999.0,1.0,-9999.0,1.0,341.2,1.0,80.4924,1.0,616.142,1.0,-9999.0,1.0,0.0,1.0,17.5529,1.0,1.7731,1.0
2015-03-12 06:00:00,31,44.0,1.0,-9999.0,1.0,-9999.0,1.0,-9999.0,1.0,-9999.0,1.0,-9999.0,1.0,5.9,1.0,-9999.0,1.0,-9999.0,1.0,-9999.0,1.0,355.653,1.0,79.6756,1.0,616.667,1.0,-9999.0,1.0,0.0,1.0,17.7185,1.0,2.07947,1.0
2015-03-12 07:00:00,31,61.0,1.0,-9999.0,1.0,-9999.0,1.0,-9999.0,1.0,-9999.0,1.0,-9999.0,1.0,3.0,1.0,-9999.0,1.0,-9999.0,1.0,-9999.0,1.0,322.073,1.0,80.561,1.0,617.202,1.0,-9999.0,1.0,2.02222,1.0,17.6653,1.0,0.698336,1.0
2015-03-12 08:00:00,31,43.0,1.0,-9999.0,1.0,-9999.0,1.0,-9999.0,1.0,-9999.0,1.0,-9999.0,1.0,5.2,1.0,-9999.0,1.0,-9999.0,1.0,-9999.0,1.0,338.499,1.0,78.8771,1.0,617.603,1.0,-9999.0,1.0,42.8194,1.0,18.0362,1.0,0.393665,1.0
2015-03-12 09:00:00,31,62.0,1.0,-9999.0,1.0,-9999.0,1.0,-9999.0,1.0,-9999.0,1.0,-9999.0,1.0,7.4,1.0,-9999.0,1.0,-9999.0,1.0,-9999.0,1.0,345.889,1.0,75.6511,1.0,617.76,1.0,-9999.0,1.0,114.767,1.0,18.9864,1.0,1.41967,1.0
2015-03-12 10:00:00,31,74.0,1.0,-9999.0,1.0,-9999.0,1.0,-9999.0,1.0,-9999.0,1.0,-9999.0,1.0,18.1,1.0,-9999.0,1.0,-9999.0,1.0,-9999.0,1.0,0.815812,1.0,68.3846,1.0,617.869,1.0,-9999.0,1.0,325.172,1.0,20.6707,1.0,2.20693,1.0
2015-03-12 11:00:00,31,55.0,1.0,-9999.0,1.0,-9999.0,1.0,-9999.0,1.0,-9999.0,1.0,-9999.0,1.0,41.9,1.0,-9999.0,1.0,-9999.0,1.0,-9999.0,1.0,352.215,1.0,59.5704,1.0,617.623,1.0,-9999.0,1.0,468.994,1.0,22.4001,1.0,2.35686,1.0
2015-03-12 12:00:00,31,44.0,1.0,-9999.0,1.0,-9999.0,1.0,-9999.0,1.0,-9999.0,1.0,-9999.0,1.0,61.7,1.0,-9999.0,1.0,-9999.0,1.0,-9999.0,1.0,2.98513,1.0,51.3638,1.0,616.988,1.0,-9999.0,1.0,601.214,1.0,24.2832,1.0,1.86747,1.0
2015-03-12 13:00:00,31,40.0,1.0,-9999.0,1.0,-9999.0,1.0,-9999.0,1.0,-9999.0,1.0,-9999.0,1.0,77.0,1.0,-9999.0,1.0,-9999.0,1.0,-9999.0,1.0,341.694,1.0,45.9304,1.0,616.232,1.0,-9999.0,1.0,732.403,1.0,25.5446,1.0,2.5966,1.0
2015-03-12 14:00:00,31,38.0,1.0,-9999.0,1.0,-9999.0,1.0,-9999.0,1.0,-9999.0,1.0,-9999.0,1.0,65.1,1.0,-9999.0,1.0,-9999.0,1.0,-9999.0,1.0,348.46,1.0,45.0431,1.0,615.575,1.0,-9999.0,1.0,483.294,1.0,26.4983,1.0,0.445007,1.0
2015-03-12 15:00:00,31,39.0,1.0,-9999.0,1.0,-9999.0,1.0,-9999.0,1.0,-9999.0,1.0,-9999.0,1.0,56.7,1.0,-9999.0,1.0,-9999.0,1.0,-9999.0,1.0,175.456,1.0,53.1769,1.0,615.096,1.0,-9999.0,1.0,220.911,1.0,25.2897,1.0,2.10348,1.0
2015-03-12 16:00:00,31,43.0,1.0,-9999.0,1.0,-9999.0,1.0,-9999.0,1.0,-9999.0,1.0,-9999.0,1.0,54.5,1.0,-9999.0,1.0,-9999.0,1.0,-9999.0,1.0,321.185,1.0,47.3206,1.0,614.608,1.0,-9999.0,1.0,482.858,1.0,26.4121,1.0,0.729026,1.0
2015-03-12 17:00:00,31,33.0,1.0,-9999.0,1.0,-9999.0,1.0,-9999.0,1.0,-9999.0,1.0,-9999.0,1.0,38.8,1.0,-9999.0,1.0,-9999.0,1.0,-9999.0,1.0,339.044,1.0,40.2851,1.0,614.576,1.0,-9999.0,1.0,252.753,1.0,26.2704,1.0,1.98071,1.0
2015-03-12 18:00:00,31,35.0,1.0,-9999.0,1.0,-9999.0,1.0,-9999.0,1.0,-9999.0,1.0,-9999.0,1.0,29.7,1.0,-9999.0,1.0,-9999.0,1.0,-9999.0,1.0,349.25,1.0,49.5593,1.0,614.908,1.0,-9999.0,1.0,4.75,1.0,23.7356,1.0,1.70669,1.0
2015-03-12 19:00:00,31,41.0,1.0,-9999.0,1.0,-9999.0,1.0,-9999.0,1.0,-9999.0,1.0,-9999.0,1.0,17.3,1.0,-9999.0,1.0,-9999.0,1.0,-9999.0,1.0,73.805,1.0,61.9108,1.0,615.528,1.0,-9999.0,1.0,0.0,1.0,21.9263,1.0,0.191279,1.0
2015-03-12 20:00:00,31,61.0,1.0,-9999.0,1.0,-9999.0,1.0,-9999.0,1.0,-9999.0,1.0,-9999.0,1.0,4.7,1.0,-9999.0,1.0,-9999.0,1.0,-9999.0,1.0,184.091,1.0,70.0624,1.0,616.121,1.0,-9999.0,1.0,0.0,1.0,19.6799,1.0,0.88562,1.0
2015-03-12 21:00:00,31,54.0,1.0,-9999.0,1.0,-9999.0,1.0,-9999.0,1.0,-9999.0,1.0,-9999.0,1.0,2.6,1.0,-9999.0,1.0,-9999.0,1.0,-9999.0,1.0,171.23,1.0,75.9844,1.0,616.783,1.0,-9999.0,1.0,0.0,1.0,18.4049,1.0,0.584725,1.0
2015-03-12 22:00:00,31,59.0,1.0,-9999.0,1.0,-9999.0,1.0,-9999.0,1.0,-9999.0,1.0,-9999.0,1.0,2.5,1.0,-9999.0,1.0,-9999.0,1.0,-9999.0,1.0,304.83,1.0,78.2972,1.0,617.253,1.0,-9999.0,1.0,0.0,1.0,18.1872,1.0,0.22419,1.0
2015-03-12 23:00:00,31,68.0,1.0,-9999.0,1.0,-9999.0,1.0,-9999.0,1.0,-9999.0,1.0,-9999.0,1.0,3.6,1.0,-9999.0,1.0,-9999.0,1.0,-9999.0,1.0,45.4518,1.0,76.9819,1.0,617.542,1.0,-9999.0,1.0,0.0,1.0,19.2207,1.0,0.614891,1.0
2015-03-13 00:00:00,31,49.0,1.0,-9999.0,1.0,-9999.0,1.0,-9999.0,1.0,-9999.0,1.0,-9999.0,1.0,22.2,1.0,-9999.0,1.0,-9999.0,1.0,-9999.0,1.0,26.7556,1.0,63.9738,1.0,617.286,1.0,-9999.0,1.0,0.0,1.0,20.1324,1.0,0.955975,1.0
2015-03-13 01:00:00,31,34.0,1.0,-9999.0,1.0,-9999.0,1.0,-9999.0,1.0,-9999.0,1.0,-9999.0,1.0,18.7,1.0,-9999.0,1.0,-9999.0,1.0,-9999.0,1.0,341.354,1.0,69.355,1.0,616.479,1.0,-9999.0,1.0,-0.0555556,151.0,18.5943,1.0,1.2078,1.0
2015-03-13 02:00:00,31,42.0,1.0,-9999.0,1.0,-9999.0,1.0,-9999.0,1.0,-9999.0,1.0,-9999.0,1.0,13.2,1.0,-9999.0,1.0,-9999.0,1.0,-9999.0,1.0,151.853,1.0,75.8889,1.0,616.138,1.0,-9999.0,1.0,0.0,1.0,16.5532,1.0,0.710218,1.0
2015-03-13 03:00:00,31,45.0,1.0,-9999.0,1.0,-9999.0,1.0,-9999.0,1.0,-9999.0,1.0,-9999.0,1.0,11.4,1.0,-9999.0,1.0,-9999.0,1.0,-9999.0,1.0,183.059,1.0,78.7979,1.0,616.125,1.0,-9999.0,1.0,0.0,1.0,15.6794,1.0,0.952555,1.0
2015-03-13 04:00:00,31,36.0,1.0,-9999.0,1.0,-9999.0,1.0,-9999.0,1.0,-9999.0,1.0,-9999.0,1.0,9.2,1.0,-9999.0,1.0,-9999.0,1.0,-9999.0,1.0,196.201,1.0,79.4942,1.0,616.125,1.0,-9999.0,1.0,0.0,1.0,15.6879,1.0,0.654724,1.0
2015-03-13 05:00:00,31,42.0,1.0,-9999.0,1.0,-9999.0,1.0,-9999.0,1.0,-9999.0,1.0,-9999.0,1.0,5.6,1.0,-9999.0,1.0,-9999.0,1.0,-9999.0,1.0,188.294,1.0,80.5446,1.0,616.084,1.0,-9999.0,1.0,0.0,1.0,15.5175,1.0,0.36279,1.0
2015-03-13 06:00:00,31,48.0,1.0,-9999.0,1.0,-9999.0,1.0,-9999.0,1.0,-9999.0,1.0,-9999.0,1.0,3.3,1.0,-9999.0,1.0,-9999.0,1.0,-9999.0,1.0,206.273,1.0,82.6925,1.0,616.149,1.0,-9999.0,1.0,0.0,1.0,15.3584,1.0,0.24881,1.0
2015-03-13 07:00:00,31,66.0,1.0,-9999.0,1.0,-9999.0,1.0,-9999.0,1.0,-9999.0,1.0,-9999.0,1.0,2.5,1.0,-9999.0,1.0,-9999.0,1.0,-9999.0,1.0,125.92,1.0,83.943,1.0,616.261,1.0,-9999.0,1.0,24.6083,1.0,15.4817,1.0,0.219478,1.0
2015-03-13 08:00:00,31,83.0,1.0,-9999.0,1.0,-9999.0,1.0,-9999.0,1.0,-9999.0,1.0,-9999.0,1.0,3.1,1.0,-9999.0,1.0,-9999.0,1.0,-9999.0,1.0,98.3876,1.0,79.464,1.0,616.873,1.0,-9999.0,1.0,58.9861,1.0,17.6178,1.0,0.33683,1.0
2015-03-13 09:00:00,31,89.0,1.0,-9999.0,1.0,-9999.0,1.0,-9999.0,1.0,-9999.0,1.0,-9999.0,1.0,6.9,1.0,-9999.0,1.0,-9999.0,1.0,-9999.0,1.0,130.1,1.0,75.8393,1.0,617.408,1.0,-9999.0,1.0,141.578,1.0,18.8296,1.0,0.430352,1.0
2015-03-13 10:00:00,31,89.0,1.0,-9999.0,1.0,-9999.0,1.0,-9999.0,1.0,-9999.0,1.0,-9999.0,1.0,21.5,1.0,-9999.0,1.0,-9999.0,1.0,-9999.0,1.0,10.327,1.0,71.1494,1.0,617.625,1.0,-9999.0,1.0,210.3,1.0,20.16,1.0,1.41144,1.0
2015-03-13 11:00:00,31,105.0,1.0,-9999.0,1.0,-9999.0,1.0,-9999.0,1.0,-9999.0,1.0,-9999.0,1.0,34.9,1.0,-9999.0,1.0,-9999.0,1.0,-9999.0,1.0,10.25,1.0,66.5755,1.0,617.357,1.0,-9999.0,1.0,298.769,1.0,21.1079,1.0,1.8774,1.0
2015-03-13 12:00:00,31,-9996.0,151.0,-9999.0,1.0,-9999.0,1.0,-9999.0,1.0,-9999.0,1.0,-9999.0,1.0,-9995.0,151.0,-9999.0,1.0,-9999.0,1.0,-9999.0,1.0,7.55025,1.0,55.825,1.0,616.698,1.0,-9999.0,1.0,741.164,1.0,23.4581,1.0,1.6848,1.0
2015-03-13 13:00:00,31,-9996.0,151.0,-9999.0,1.0,-9999.0,1.0,-9999.0,1.0,-9999.0,1.0,-9999.0,1.0,80.0,1.0,-9999.0,1.0,-9999.0,1.0,-9999.0,1.0,23.7079,1.0,48.6021,1.0,615.967,1.0,-9999.0,1.0,575.189,1.0,25.0042,1.0,1.2606,1.0
2015-03-13 14:00:00,31,-9964.0,151.0,-9999.0,1.0,-9999.0,1.0,-9999.0,1.0,-9999.0,1.0,-9999.0,1.0,74.5,1.0,-9999.0,1.0,-9999.0,1.0,-9999.0,1.0,176.959,1.0,57.7628,1.0,615.508,1.0,-9999.0,1.0,125.253,1.0,23.6707,1.0,1.27526,1.0
2015-03-13 15:00:00,31,-9964.0,151.0,-9999.0,1.0,-9999.0,1.0,-9999.0,1.0,-9999.0,1.0,-9999.0,1.0,53.3,1.0,-9999.0,1.0,-9999.0,1.0,-9999.0,1.0,162.993,1.0,63.8124,1.0,614.94,1.0,-9999.0,1.0,89.5278,1.0,22.3546,1.0,2.39862,1.0
2015-03-13 16:00:00,31,-9964.0,151.0,-9999.0,1.0,-9999.0,1.0,-9999.0,1.0,-9999.0,1.0,-9999.0,1.0,34.2,1.0,-9999.0,1.0,-9999.0,1.0,-9999.0,1.0,199.078,1.0,76.4053,1.0,614.84,1.0,-9999.0,1.0,15.7778,1.0,20.2001,1.0,0.665795,1.0
2015-03-13 17:00:00,31,-9964.0,151.0,-9999.0,1.0,-9999.0,1.0,-9999.0,1.0,-9999.0,1.0,-9999.0,1.0,15.0,1.0,-9999.0,1.0,-9999.0,1.0,-9999.0,1.0,250.633,1.0,87.5767,1.0,614.809,1.0,-9999.0,1.0,33.1667,1.0,18.7087,1.0,0.325371,1.0
2015-03-13 18:00:00,31,-9964.0,151.0,-9999.0,1.0,-9999.0,1.0,-9999.0,1.0,-9999.0,1.0,-9999.0,1.0,10.1,1.0,-9999.0,1.0,-9999.0,1.0,-9999.0,1.0,332.358,1.0,86.0014,1.0,614.959,1.0,-9999.0,1.0,3.03611,1.0,18.5343,1.0,1.55105,1.0
2015-03-13 19:00:00,31,-9964.0,151.0,-9999.0,1.0,-9999.0,1.0,-9999.0,1.0,-9999.0,1.0,-9999.0,1.0,8.1,1.0,-9999.0,1.0,-9999.0,1.0,-9999.0,1.0,293.84,1.0,86.196,1.0,615.245,1.0,-9999.0,1.0,0.0,1.0,17.9982,1.0,0.668247,1.0
2015-03-13 20:00:00,31,-9964.0,151.0,-9999.0,1.0,-9999.0,1.0,-9999.0,1.0,-9999.0,1.0,-9999.0,1.0,6.1,1.0,-9999.0,1.0,-9999.0,1.0,-9999.0,1.0,268.885,1.0,86.8115,1.0,615.851,1.0,-9999.0,1.0,0.0,1.0,17.7844,1.0,0.558492,1.0
2015-03-13 21:00:00,31,-9964.0,151.0,-9999.0,1.0,-9999.0,1.0,-9999.0,1.0,-9999.0,1.0,-9999.0,1.0,2.4,1.0,-9999.0,1.0,-9999.0,1.0,-9999.0,1.0,254.721,1.0,89.3443,1.0,616.326,1.0,-9999.0,1.0,0.0,1.0,17.4636,1.0,0.213496,1.0
2015-03-13 22:00:00,31,-9964.0,151.0,-9999.0,1.0,-9999.0,1.0,-9999.0,1.0,-9999.0,1.0,-9999.0,1.0,2.0,1.0,-9999.0,1.0,-9999.0,1.0,-9999.0,1.0,154.145,1.0,89.7383,1.0,616.821,1.0,-9999.0,1.0,-0.0555556,151.0,17.3392,1.0,0.245146,1.0
2015-03-13 23:00:00,31,-9964.0,151.0,-9999.0,1.0,-9999.0,1.0,-9999.0,1.0,-9999.0,1.0,-9999.0,1.0,2.0,1.0,-9999.0,1.0,-9999.0,1.0,-9999.0,1.0,334.004,1.0,89.4899,1.0,616.875,1.0,-9999.0,1.0,0.0,1.0,17.3608,1.0,0.195619,1.0
2015-03-14 00:00:00,31,-9964.0,151.0,-9999.0,1.0,-9999.0,1.0,-9999.0,1.0,-9999.0,1.0,-9999.0,1.0,2.0,1.0,-9999.0,1.0,-9999.0,1.0,-9999.0,1.0,340.843,1.0,89.521,1.0,616.571,1.0,-9999.0,1.0,0.0,1.0,17.6025,1.0,0.224859,1.0
2015-03-14 01:00:00,31,-9964.0,151.0,-9999.0,1.0,-9999.0,1.0,-9999.0,1.0,-9999.0,1.0,-9999.0,1.0,2.0,1.0,-9999.0,1.0,-9999.0,1.0,-9999.0,1.0,161.337,1.0,88.6006,1.0,616.22,1.0,-9999.0,1.0,0.0,1.0,17.4974,1.0,0.313059,1.0
2015-03-14 02:00:00,31,-9964.0,151.0,-9999.0,1.0,-9999.0,1.0,-9999.0,1.0,-9999.0,1.0,-9999.0,1.0,1.9,1.0,-9999.0,1.0,-9999.0,1.0,-9999.0,1.0,85.3383,1.0,89.3833,1.0,615.927,1.0,-9999.0,1.0,0.0,1.0,17.1488,1.0,0.0687499,1.0
2015-03-14 03:00:00,31,-9964.0,151.0,-9999.0,1.0,-9999.0,1.0,-9999.0,1.0,-9999.0,1.0,-9999.0,1.0,2.0,1.0,-9999.0,1.0,-9999.0,1.0,-9999.0,1.0,147.322,1.0,89.2836,1.0,615.806,1.0,-9999.0,1.0,0.0,1.0,16.106,1.0,0.587304,1.0
2015-03-14 04:00:00,31,-9964.0,151.0,-9999.0,1.0,-9999.0,1.0,-9999.0,1.0,-9999.0,1.0,-9999.0,1.0,2.1,1.0,-9999.0,1.0,-9999.0,1.0,-9999.0,1.0,175.666,1.0,89.8,1.0,615.75,1.0,-9999.0,1.0,0.0,1.0,15.5463,1.0,0.408525,1.0
2015-03-14 05:00:00,31,-9964.0,151.0,-9999.0,1.0,-9999.0,1.0,-9999.0,1.0,-9999.0,1.0,-9999.0,1.0,2.2,1.0,-9999.0,1.0,-9999.0,1.0,-9999.0,1.0,174.397,1.0,89.4185,1.0,615.968,1.0,-9999.0,1.0,-0.0555556,151.0,15.3735,1.0,0.714008,1.0
2015-03-14 06:00:00,31,-9964.0,151.0,-9999.0,1.0,-9999.0,1.0,-9999.0,1.0,-9999.0,1.0,-9999.0,1.0,2.0,1.0,-9999.0,1.0,-9999.0,1.0,-9999.0,1.0,184.388,1.0,89.4631,1.0,616.402,1.0,-9999.0,1.0,0.0,1.0,15.3415,1.0,0.664047,1.0
2015-03-14 07:00:00,31,-9964.0,151.0,-9999.0,1.0,-9999.0,1.0,-9999.0,1.0,-9999.0,1.0,-9999.0,1.0,2.2,1.0,-9999.0,1.0,-9999.0,1.0,-9999.0,1.0,191.73,1.0,89.6928,1.0,616.94,1.0,-9999.0,1.0,1.2,1.0,15.3653,1.0,0.234454,1.0
2015-03-14 08:00:00,31,-9964.0,151.0,-9999.0,1.0,-9999.0,1.0,-9999.0,1.0,-9999.0,1.0,-9999.0,1.0,2.7,1.0,-9999.0,1.0,-9999.0,1.0,-9999.0,1.0,349.83,1.0,87.6724,1.0,617.116,1.0,-9999.0,1.0,68.675,1.0,16.7635,1.0,0.160396,1.0
2015-03-14 09:00:00,31,-9964.0,151.0,-9999.0,1.0,-9999.0,1.0,-9999.0,1.0,-9999.0,1.0,-9999.0,1.0,5.4,1.0,-9999.0,1.0,-9999.0,1.0,-9999.0,1.0,357.623,1.0,81.6975,1.0,617.428,1.0,-9999.0,1.0,67.4444,1.0,18.0911,1.0,0.9989,1.0
2015-03-14 10:00:00,31,-9964.0,151.0,-9999.0,1.0,-9999.0,1.0,-9999.0,1.0,-9999.0,1.0,-9999.0,1.0,10.1,1.0,-9999.0,1.0,-9999.0,1.0,-9999.0,1.0,7.5786,1.0,77.029,1.0,617.573,1.0,-9999.0,1.0,166.186,1.0,18.9494,1.0,1.34506,1.0
2015-03-14 11:00:00,31,-9964.0,151.0,-9999.0,1.0,-9999.0,1.0,-9999.0,1.0,-9999.0,1.0,-9999.0,1.0,22.2,1.0,-9999.0,1.0,-9999.0,1.0,-9999.0,1.0,43.9417,1.0,69.6705,1.0,617.509,1.0,-9999.0,1.0,293.433,1.0,20.3167,1.0,0.405633,1.0
2015-03-14 12:00:00,31,-9964.0,151.0,-9999.0,1.0,-9999.0,1.0,-9999.0,1.0,-9999.0,1.0,-9999.0,1.0,42.2,1.0,-9999.0,1.0,-9999.0,1.0,-9999.0,1.0,161.902,1.0,63.5182,1.0,617.153,1.0,-9999.0,1.0,346.817,1.0,21.694,1.0,0.988644,1.0
2015-03-14 13:00:00,31,-9964.0,151.0,-9999.0,1.0,-9999.0,1.0,-9999.0,1.0,-9999.0,1.0,-9999.0,1.0,51.9,1.0,-9999.0,1.0,-9999.0,1.0,-9999.0,1.0,95.2326,1.0,58.4419,1.0,616.261,1.0,-9999.0,1.0,837.022,1.0,23.5503,1.0,0.961752,1.0
2015-03-14 14:00:00,31,-9964.0,151.0,-9999.0,1.0,-9999.0,1.0,-9999.0,1.0,-9999.0,1.0,-9999.0,1.0,43.3,1.0,-9999.0,1.0,-9999.0,1.0,-9999.0,1.0,184.472,1.0,61.1164,1.0,615.51,1.0,-9999.0,1.0,273.408,1.0,23.1621,1.0,1.75024,1.0
2015-03-14 15:00:00,31,-9964.0,151.0,-9999.0,1.0,-9999.0,1.0,-9999.0,1.0,-9999.0,1.0,-9999.0,1.0,46.4,1.0,-9999.0,1.0,-9999.0,1.0,-9999.0,1.0,143.77,1.0,62.9917,1.0,614.974,1.0,-9999.0,1.0,361.908,1.0,23.2439,1.0,1.68996,1.0
2015-03-14 16:00:00,31,-9964.0,151.0,-9999.0,1.0,-9999.0,1.0,-9999.0,1.0,-9999.0,1.0,-9999.0,1.0,49.0,1.0,-9999.0,1.0,-9999.0,1.0,-9999.0,1.0,185.76,1.0,62.5967,1.0,614.627,1.0,-9999.0,1.0,145.394,1.0,23.1236,1.0,1.26014,1.0
2015-03-14 17:00:00,31,-9964.0,151.0,-9999.0,1.0,-9999.0,1.0,-9999.0,1.0,-9999.0,1.0,-9999.0,1.0,44.1,1.0,-9999.0,1.0,-9999.0,1.0,-9999.0,1.0,238.85,1.0,62.4721,1.0,614.694,1.0,-9999.0,1.0,59.3889,1.0,22.2592,1.0,0.351169,1.0
2015-03-14 18:00:00,31,-9964.0,151.0,-9999.0,1.0,-9999.0,1.0,-9999.0,1.0,-9999.0,1.0,-9999.0,1.0,24.6,1.0,-9999.0,1.0,-9999.0,1.0,-9999.0,1.0,342.14,1.0,67.5658,1.0,615.174,1.0,-9999.0,1.0,6.21667,1.0,18.0951,1.0,1.20833,1.0
2015-03-14 19:00:00,31,-9964.0,151.0,-9999.0,1.0,-9999.0,1.0,-9999.0,1.0,-9999.0,1.0,-9999.0,1.0,6.8,1.0,-9999.0,1.0,-9999.0,1.0,-9999.0,1.0,189.555,1.0,77.3983,1.0,615.549,1.0,-9999.0,1.0,0.0,1.0,17.6651,1.0,0.414363,1.0
2015-03-14 20:00:00,31,-9964.0,151.0,-9999.0,1.0,-9999.0,1.0,-9999.0,1.0,-9999.0,1.0,-9999.0,1.0,3.3,1.0,-9999.0,1.0,-9999.0,1.0,-9999.0,1.0,259.645,1.0,82.2382,1.0,616.164,1.0,-9999.0,1.0,0.0,1.0,17.541,1.0,0.405516,1.0
2015-03-14 21:00:00,31,-9964.0,151.0,-9999.0,1.0,-9999.0,1.0,-9999.0,1.0,-9999.0,1.0,-9999.0,1.0,2.4,1.0,-9999.0,1.0,-9999.0,1.0,-9999.0,1.0,164.02,1.0,85.2522,1.0,616.574,1.0,-9999.0,1.0,0.0,1.0,17.271,1.0,0.202053,1.0
2015-03-14 22:00:00,31,-9964.0,151.0,-9999.0,1.0,-9999.0,1.0,-9999.0,1.0,-9999.0,1.0,-9999.0,1.0,2.4,1.0,-9999.0,1.0,-9999.0,1.0,-9999.0,1.0,340.726,1.0,88.2928,1.0,617.215,1.0,-9999.0,1.0,0.0,1.0,16.9207,1.0,0.548079,1.0
2015-03-14 23:00:00,31,-9964.0,151.0,-9999.0,1.0,-9999.0,1.0,-9999.0,1.0,-9999.0,1.0,-9999.0,1.0,2.2,1.0,-9999.0,1.0,-9999.0,1.0,-9999.0,1.0,342.857,1.0,87.7028,1.0,617.25,1.0,-9999.0,1.0,0.0,1.0,17.5564,1.0,1.50493,1.0
2015-03-15 00:00:00,31,-9964.0,151.0,-9999.0,1.0,-9999.0,1.0,-9999.0,1.0,-9999.0,1.0,-9999.0,1.0,2.3,1.0,-9999.0,1.0,-9999.0,1.0,-9999.0,1.0,350.566,1.0,88.5936,1.0,617.25,1.0,-9999.0,1.0,0.0,1.0,16.9247,1.0,0.519658,1.0
2015-03-15 01:00:00,31,-9964.0,151.0,-9999.0,1.0,-9999.0,1.0,-9999.0,1.0,-9999.0,1.0,-9999.0,1.0,2.1,1.0,-9999.0,1.0,-9999.0,1.0,-9999.0,1.0,141.775,1.0,88.7979,1.0,616.914,1.0,-9999.0,1.0,0.0,1.0,15.9172,1.0,0.601718,1.0
2015-03-15 02:00:00,31,-9964.0,151.0,-9999.0,1.0,-9999.0,1.0,-9999.0,1.0,-9999.0,1.0,-9999.0,1.0,2.5,1.0,-9999.0,1.0,-9999.0,1.0,-9999.0,1.0,139.747,1.0,88.0828,1.0,616.543,1.0,-9999.0,1.0,0.0,1.0,15.6568,1.0,0.491904,1.0
2015-03-15 03:00:00,31,-9964.0,151.0,-9999.0,1.0,-9999.0,1.0,-9999.0,1.0,-9999.0,1.0,-9999.0,1.0,2.2,1.0,-9999.0,1.0,-9999.0,1.0,-9999.0,1.0,163.862,1.0,88.0422,1.0,616.293,1.0,-9999.0,1.0,0.0,1.0,15.6957,1.0,0.532533,1.0
2015-03-15 04:00:00,31,-9964.0,151.0,-9999.0,1.0,-9999.0,1.0,-9999.0,1.0,-9999.0,1.0,-9999.0,1.0,2.2,1.0,-9999.0,1.0,-9999.0,1.0,-9999.0,1.0,139.677,1.0,87.9594,1.0,616.126,1.0,-9999.0,1.0,0.0,1.0,15.8892,1.0,0.347561,1.0
2015-03-15 05:00:00,31,-9964.0,151.0,-9999.0,1.0,-9999.0,1.0,-9999.0,1.0,-9999.0,1.0,-9999.0,1.0,2.1,1.0,-9999.0,1.0,-9999.0,1.0,-9999.0,1.0,151.824,1.0,88.4067,1.0,616.344,1.0,-9999.0,1.0,-0.0555556,151.0,16.1078,1.0,0.304528,1.0
2015-03-15 06:00:00,31,-9964.0,151.0,-9999.0,1.0,-9999.0,1.0,-9999.0,1.0,-9999.0,1.0,-9999.0,1.0,2.2,1.0,-9999.0,1.0,-9999.0,1.0,-9999.0,1.0,145.79,1.0,88.9274,1.0,616.839,1.0,-9999.0,1.0,0.0,1.0,15.9496,1.0,0.319333,1.0
2015-03-15 07:00:00,31,-9964.0,151.0,-9999.0,1.0,-9999.0,1.0,-9999.0,1.0,-9999.0,1.0,-9999.0,1.0,2.4,1.0,-9999.0,1.0,-9999.0,1.0,-9999.0,1.0,174.543,1.0,89.0679,1.0,617.448,1.0,-9999.0,1.0,7.71111,1.0,16.0343,1.0,0.29653,1.0
2015-03-15 08:00:00,31,-9964.0,151.0,-9999.0,1.0,-9999.0,1.0,-9999.0,1.0,-9999.0,1.0,-9999.0,1.0,2.4,1.0,-9999.0,1.0,-9999.0,1.0,-9999.0,1.0,161.479,1.0,87.6482,1.0,617.838,1.0,-9999.0,1.0,43.225,1.0,16.4832,1.0,0.340343,1.0
2015-03-15 09:00:00,31,-9964.0,151.0,-9999.0,1.0,-9999.0,1.0,-9999.0,1.0,-9999.0,1.0,-9999.0,1.0,3.1,1.0,-9999.0,1.0,-9999.0,1.0,-9999.0,1.0,154.956,1.0,83.7361,1.0,618.157,1.0,-9999.0,1.0,88.3472,1.0,17.6497,1.0,0.336585,1.0
2015-03-15 10:00:00,31,-9964.0,151.0,-9999.0,1.0,-9999.0,1.0,-9999.0,1.0,-9999.0,1.0,-9999.0,1.0,16.6,1.0,-9999.0,1.0,-9999.0,1.0,-9999.0,1.0,179.568,1.0,75.9114,1.0,618.687,1.0,-9999.0,1.0,165.981,1.0,19.3369,1.0,0.340349,1.0
2015-03-15 11:00:00,31,-9964.0,151.0,-9999.0,1.0,-9999.0,1.0,-9999.0,1.0,-9999.0,1.0,-9999.0,1.0,32.8,1.0,-9999.0,1.0,-9999.0,1.0,-9999.0,1.0,141.831,1.0,67.4935,1.0,618.391,1.0,-9999.0,1.0,331.422,1.0,20.9446,1.0,0.542263,1.0
2015-03-15 12:00:00,31,-9964.0,151.0,-9999.0,1.0,-9999.0,1.0,-9999.0,1.0,-9999.0,1.0,-9999.0,1.0,49.4,1.0,-9999.0,1.0,-9999.0,1.0,-9999.0,1.0,68.3069,1.0,60.28,1.0,617.774,1.0,-9999.0,1.0,354.036,1.0,22.2753,1.0,0.531521,1.0
2015-03-15 13:00:00,31,-9964.0,151.0,-9999.0,1.0,-9999.0,1.0,-9999.0,1.0,-9999.0,1.0,-9999.0,1.0,62.8,1.0,-9999.0,1.0,-9999.0,1.0,-9999.0,1.0,356.963,1.0,59.635,1.0,617.112,1.0,-9999.0,1.0,511.181,1.0,22.5014,1.0,1.79433,1.0
2015-03-15 14:00:00,31,-9964.0,151.0,-9999.0,1.0,-9999.0,1.0,-9999.0,1.0,-9999.0,1.0,-9999.0,1.0,90.2,1.0,-9999.0,1.0,-9999.0,1.0,-9999.0,1.0,25.6225,1.0,55.6946,1.0,616.268,1.0,-9999.0,1.0,598.711,1.0,23.6676,1.0,2.04537,1.0
2015-03-15 15:00:00,31,-9964.0,151.0,-9999.0,1.0,-9999.0,1.0,-9999.0,1.0,-9999.0,1.0,-9999.0,1.0,84.7,1.0,-9999.0,1.0,-9999.0,1.0,-9999.0,1.0,350.95,1.0,52.006,1.0,615.637,1.0,-9999.0,1.0,624.728,1.0,24.4639,1.0,2.25868,1.0
2015-03-15 16:00:00,31,-9964.0,151.0,-9999.0,1.0,-9999.0,1.0,-9999.0,1.0,-9999.0,1.0,-9999.0,1.0,77.2,1.0,-9999.0,1.0,-9999.0,1.0,-9999.0,1.0,342.031,1.0,49.0007,1.0,615.188,1.0,-9999.0,1.0,497.092,1.0,25.1722,1.0,2.50087,1.0
2015-03-15 17:00:00,31,-9964.0,151.0,-9999.0,1.0,-9999.0,1.0,-9999.0,1.0,-9999.0,1.0,-9999.0,1.0,63.3,1.0,-9999.0,1.0,-9999.0,1.0,-9999.0,1.0,346.148,1.0,46.6932,1.0,615.0,1.0,-9999.0,1.0,274.772,1.0,25.6325,1.0,2.05252,1.0
2015-03-15 18:00:00,31,-9964.0,151.0,-9999.0,1.0,-9999.0,1.0,-9999.0,1.0,-9999.0,1.0,-9999.0,1.0,40.0,1.0,-9999.0,1.0,-9999.0,1.0,-9999.0,1.0,341.806,1.0,55.1419,1.0,615.373,1.0,-9999.0,1.0,55.6111,1.0,23.6589,1.0,1.95121,1.0
2015-03-15 19:00:00,31,-9964.0,151.0,-9999.0,1.0,-9999.0,1.0,-9999.0,1.0,-9999.0,1.0,-9999.0,1.0,30.5,1.0,-9999.0,1.0,-9999.0,1.0,-9999.0,1.0,348.553,1.0,62.6046,1.0,615.925,1.0,-9999.0,1.0,0.0111111,1.0,21.7145,1.0,1.57438,1.0
2015-03-15 20:00:00,31,-9964.0,151.0,-9999.0,1.0,-9999.0,1.0,-9999.0,1.0,-9999.0,1.0,-9999.0,1.0,21.8,1.0,-9999.0,1.0,-9999.0,1.0,-9999.0,1.0,349.685,1.0,70.3129,1.0,616.47,1.0,-9999.0,1.0,0.0,1.0,20.4694,1.0,1.59619,1.0
2015-03-15 21:00:00,31,-9964.0,151.0,-9999.0,1.0,-9999.0,1.0,-9999.0,1.0,-9999.0,1.0,-9999.0,1.0,13.9,1.0,-9999.0,1.0,-9999.0,1.0,-9999.0,1.0,342.944,1.0,77.7029,1.0,617.005,1.0,-9999.0,1.0,-0.0555556,151.0,19.4822,1.0,1.84213,1.0
2015-03-15 22:00:00,31,-9964.0,151.0,-9999.0,1.0,-9999.0,1.0,-9999.0,1.0,-9999.0,1.0,-9999.0,1.0,13.5,1.0,-9999.0,1.0,-9999.0,1.0,-9999.0,1.0,346.974,1.0,81.3722,1.0,617.535,1.0,-9999.0,1.0,0.0,1.0,19.1843,1.0,1.80248,1.0
2015-03-15 23:00:00,31,-9964.0,151.0,-9999.0,1.0,-9999.0,1.0,-9999.0,1.0,-9999.0,1.0,-9999.0,1.0,9.2,1.0,-9999.0,1.0,-9999.0,1.0,-9999.0,1.0,353.38,1.0,83.925,1.0,617.803,1.0,-9999.0,1.0,-0.0555556,151.0,18.7256,1.0,1.71353,1.0
2015-03-16 00:00:00,31,-9964.0,151.0,-9999.0,1.0,-9999.0,1.0,-9999.0,1.0,-9999.0,1.0,-9999.0,1.0,10.7,1.0,-9999.0,1.0,-9999.0,1.0,-9999.0,1.0,1.05481,1.0,83.5375,1.0,617.914,1.0,-9999.0,1.0,0.0,1.0,18.7704,1.0,1.82576,1.0
2015-03-16 01:00:00,31,-9964.0,151.0,-9999.0,1.0,-9999.0,1.0,-9999.0,1.0,-9999.0,1.0,-9999.0,1.0,9.6,1.0,-9999.0,1.0,-9999.0,1.0,-9999.0,1.0,352.433,1.0,85.4367,1.0,617.579,1.0,-9999.0,1.0,0.0,1.0,18.0604,1.0,2.10223,1.0
2015-03-16 02:00:00,31,-9964.0,151.0,-9999.0,1.0,-9999.0,1.0,-9999.0,1.0,-9999.0,1.0,-9999.0,1.0,9.8,1.0,-9999.0,1.0,-9999.0,1.0,-9999.0,1.0,346.44,1.0,86.3765,1.0,616.992,1.0,-9999.0,1.0,0.0,1.0,17.5103,1.0,2.30107,1.0
2015-03-16 03:00:00,31,-9964.0,151.0,-9999.0,1.0,-9999.0,1.0,-9999.0,1.0,-9999.0,1.0,-9999.0,1.0,6.6,1.0,-9999.0,1.0,-9999.0,1.0,-9999.0,1.0,344.144,1.0,88.5488,1.0,616.754,1.0,-9999.0,1.0,0.0,1.0,16.8482,1.0,1.04238,1.0
2015-03-16 04:00:00,31,-9964.0,151.0,-9999.0,1.0,-9999.0,1.0,-9999.0,1.0,-9999.0,1.0,-9999.0,1.0,4.4,1.0,-9999.0,1.0,-9999.0,1.0,-9999.0,1.0,349.999,1.0,87.3726,1.0,616.879,1.0,-9999.0,1.0,0.0,1.0,16.6974,1.0,0.146648,1.0
2015-03-16 05:00:00,31,-9964.0,151.0,-9999.0,1.0,-9999.0,1.0,-9999.0,1.0,-9999.0,1.0,-9999.0,1.0,5.6,1.0,-9999.0,1.0,-9999.0,1.0,-9999.0,1.0,345.531,1.0,86.1479,1.0,616.928,1.0,-9999.0,1.0,0.0,1.0,17.1279,1.0,2.44272,1.0
2015-03-16 06:00:00,31,-9964.0,151.0,-9999.0,1.0,-9999.0,1.0,-9999.0,1.0,-9999.0,1.0,-9999.0,1.0,5.3,1.0,-9999.0,1.0,-9999.0,1.0,-9999.0,1.0,343.485,1.0,85.5844,1.0,617.319,1.0,-9999.0,1.0,0.0,1.0,17.0882,1.0,2.87725,1.0
2015-03-16 07:00:00,31,-9964.0,151.0,-9999.0,1.0,-9999.0,1.0,-9999.0,1.0,-9999.0,1.0,-9999.0,1.0,3.1,1.0,-9999.0,1.0,-9999.0,1.0,-9999.0,1.0,348.46,1.0,85.2833,1.0,617.804,1.0,-9999.0,1.0,17.5111,1.0,17.2007,1.0,2.13531,1.0
2015-03-16 08:00:00,31,-9964.0,151.0,-9999.0,1.0,-9999.0,1.0,-9999.0,1.0,-9999.0,1.0,-9999.0,1.0,5.8,1.0,-9999.0,1.0,-9999.0,1.0,-9999.0,1.0,351.488,1.0,80.8475,1.0,618.221,1.0,-9999.0,1.0,99.075,1.0,18.1211,1.0,2.2023,1.0
2015-03-16 09:00:00,31,-9964.0,151.0,-9999.0,1.0,-9999.0,1.0,-9999.0,1.0,-9999.0,1.0,-9999.0,1.0,12.4,1.0,-9999.0,1.0,-9999.0,1.0,-9999.0,1.0,8.30894,1.0,76.4346,1.0,618.774,1.0,-9999.0,1.0,131.767,1.0,18.8679,1.0,1.9413,1.0
2015-03-16 10:00:00,31,-9964.0,151.0,-9999.0,1.0,-9999.0,1.0,-9999.0,1.0,-9999.0,1.0,-9999.0,1.0,24.1,1.0,-9999.0,1.0,-9999.0,1.0,-9999.0,1.0,14.4211,1.0,70.374,1.0,618.765,1.0,-9999.0,1.0,267.614,1.0,19.9862,1.0,2.16319,1.0
2015-03-16 11:00:00,31,-9964.0,151.0,-9999.0,1.0,-9999.0,1.0,-9999.0,1.0,-9999.0,1.0,-9999.0,1.0,37.5,1.0,-9999.0,1.0,-9999.0,1.0,-9999.0,1.0,22.2426,1.0,62.4322,1.0,618.569,1.0,-9999.0,1.0,496.022,1.0,21.2224,1.0,1.80375,1.0
2015-03-16 12:00:00,31,-9964.0,151.0,-9999.0,1.0,-9999.0,1.0,-9999.0,1.0,-9999.0,1.0,-9999.0,1.0,55.5,1.0,-9999.0,1.0,-9999.0,1.0,-9999.0,1.0,11.1191,1.0,58.2844,1.0,617.814,1.0,-9999.0,1.0,339.264,1.0,22.0785,1.0,1.90447,1.0
2015-03-16 13:00:00,31,-9964.0,151.0,-9999.0,1.0,-9999.0,1.0,-9999.0,1.0,-9999.0,1.0,-9999.0,1.0,66.8,1.0,-9999.0,1.0,-9999.0,1.0,-9999.0,1.0,15.1313,1.0,55.5139,1.0,617.145,1.0,-9999.0,1.0,436.97,1.0,22.9468,1.0,0.818807,1.0
2015-03-16 14:00:00,31,-9964.0,151.0,-9999.0,1.0,-9999.0,1.0,-9999.0,1.0,-9999.0,1.0,-9999.0,1.0,81.2,1.0,-9999.0,1.0,-9999.0,1.0,-9999.0,1.0,330.205,1.0,52.8306,1.0,616.494,1.0,-9999.0,1.0,416.542,1.0,23.869,1.0,0.870194,1.0
2015-03-16 15:00:00,31,-9964.0,151.0,-9999.0,1.0,-9999.0,1.0,-9999.0,1.0,-9999.0,1.0,-9999.0,1.0,53.5,1.0,-9999.0,1.0,-9999.0,1.0,-9999.0,1.0,183.757,1.0,56.5606,1.0,616.109,1.0,-9999.0,1.0,335.367,1.0,23.9192,1.0,1.45459,1.0
2015-03-16 16:00:00,31,-9964.0,151.0,-9999.0,1.0,-9999.0,1.0,-9999.0,1.0,-9999.0,1.0,-9999.0,1.0,43.5,1.0,-9999.0,1.0,-9999.0,1.0,-9999.0,1.0,182.942,1.0,58.1199,1.0,615.752,1.0,-9999.0,1.0,214.636,1.0,23.2286,1.0,1.82799,1.0
2015-03-16 17:00:00,31,-9964.0,151.0,-9999.0,1.0,-9999.0,1.0,-9999.0,1.0,-9999.0,1.0,-9999.0,1.0,39.9,1.0,-9999.0,1.0,-9999.0,1.0,-9999.0,1.0,198.002,1.0,59.6608,1.0,615.757,1.0,-9999.0,1.0,61.4472,1.0,22.3415,1.0,1.0141,1.0
2015-03-16 18:00:00,31,-9964.0,151.0,-9999.0,1.0,-9999.0,1.0,-9999.0,1.0,-9999.0,1.0,-9999.0,1.0,29.6,1.0,-9999.0,1.0,-9999.0,1.0,-9999.0,1.0,346.088,1.0,64.0882,1.0,616.063,1.0,-9999.0,1.0,28.1778,1.0,21.8867,1.0,0.82932,1.0
2015-03-16 19:00:00,31,-9964.0,151.0,-9999.0,1.0,-9999.0,1.0,-9999.0,1.0,-9999.0,1.0,-9999.0,1.0,19.0,1.0,-9999.0,1.0,-9999.0,1.0,-9999.0,1.0,345.446,1.0,69.7549,1.0,616.262,1.0,-9999.0,1.0,0.211111,1.0,20.6618,1.0,1.60128,1.0
2015-03-16 20:00:00,31,-9964.0,151.0,-9999.0,1.0,-9999.0,1.0,-9999.0,1.0,-9999.0,1.0,-9999.0,1.0,14.5,1.0,-9999.0,1.0,-9999.0,1.0,-9999.0,1.0,349.606,1.0,74.1212,1.0,616.94,1.0,-9999.0,1.0,0.0,1.0,19.7718,1.0,1.67502,1.0
2015-03-16 21:00:00,31,-9964.0,151.0,-9999.0,1.0,-9999.0,1.0,-9999.0,1.0,-9999.0,1.0,-9999.0,1.0,14.3,1.0,-9999.0,1.0,-9999.0,1.0,-9999.0,1.0,340.427,1.0,77.0013,1.0,617.665,1.0,-9999.0,1.0,0.0,1.0,19.2846,1.0,1.37783,1.0
2015-03-16 22:00:00,31,-9964.0,151.0,-9999.0,1.0,-9999.0,1.0,-9999.0,1.0,-9999.0,1.0,-9999.0,1.0,9.3,1.0,-9999.0,1.0,-9999.0,1.0,-9999.0,1.0,345.158,1.0,80.3415,1.0,618.153,1.0,-9999.0,1.0,0.0,1.0,18.7011,1.0,1.63153,1.0
2015-03-16 23:00:00,31,-9964.0,151.0,-9999.0,1.0,-9999.0,1.0,-9999.0,1.0,-9999.0,1.0,-9999.0,1.0,13.6,1.0,-9999.0,1.0,-9999.0,1.0,-9999.0,1.0,348.689,1.0,81.796,1.0,618.412,1.0,-9999.0,1.0,0.0,1.0,18.5017,1.0,2.19647,1.0
2015-03-17 00:00:00,31,-9964.0,151.0,-9999.0,1.0,-9999.0,1.0,-9999.0,1.0,-9999.0,1.0,-9999.0,1.0,17.7,1.0,-9999.0,1.0,-9999.0,1.0,-9999.0,1.0,345.993,1.0,82.3079,1.0,618.464,1.0,-9999.0,1.0,0.0,1.0,18.0758,1.0,2.15554,1.0
2015-03-17 01:00:00,31,-9964.0,151.0,-9999.0,1.0,-9999.0,1.0,-9999.0,1.0,-9999.0,1.0,-9999.0,1.0,17.7,1.0,-9999.0,1.0,-9999.0,1.0,-9999.0,1.0,348.181,1.0,83.6333,1.0,618.046,1.0,-9999.0,1.0,0.0,1.0,17.5794,1.0,1.25172,1.0
2015-03-17 02:00:00,31,-9964.0,151.0,-9999.0,1.0,-9999.0,1.0,-9999.0,1.0,-9999.0,1.0,-9999.0,1.0,13.8,1.0,-9999.0,1.0,-9999.0,1.0,-9999.0,1.0,345.106,1.0,86.3308,1.0,617.626,1.0,-9999.0,1.0,0.0,1.0,16.9167,1.0,1.10663,1.0
2015-03-17 03:00:00,31,-9964.0,151.0,-9999.0,1.0,-9999.0,1.0,-9999.0,1.0,-9999.0,1.0,-9999.0,1.0,7.5,1.0,-9999.0,1.0,-9999.0,1.0,-9999.0,1.0,66.5381,1.0,87.3746,1.0,617.516,1.0,-9999.0,1.0,0.0,1.0,16.0925,1.0,0.0499828,1.0
2015-03-17 04:00:00,31,-9964.0,151.0,-9999.0,1.0,-9999.0,1.0,-9999.0,1.0,-9999.0,1.0,-9999.0,1.0,3.8,1.0,-9999.0,1.0,-9999.0,1.0,-9999.0,1.0,179.032,1.0,88.7122,1.0,617.285,1.0,-9999.0,1.0,0.0,1.0,15.0847,1.0,0.682004,1.0
2015-03-17 05:00:00,31,-9964.0,151.0,-9999.0,1.0,-9999.0,1.0,-9999.0,1.0,-9999.0,1.0,-9999.0,1.0,2.8,1.0,-9999.0,1.0,-9999.0,1.0,-9999.0,1.0,179.609,1.0,88.7706,1.0,617.407,1.0,-9999.0,1.0,0.0,1.0,14.8651,1.0,0.415645,1.0
2015-03-17 06:00:00,31,-9964.0,151.0,-9999.0,1.0,-9999.0,1.0,-9999.0,1.0,-9999.0,1.0,-9999.0,1.0,2.5,1.0,-9999.0,1.0,-9999.0,1.0,-9999.0,1.0,186.162,1.0,88.9867,1.0,617.625,1.0,-9999.0,1.0,0.0,1.0,14.6843,1.0,0.529333,1.0
2015-03-17 07:00:00,31,-9964.0,151.0,-9999.0,1.0,-9999.0,1.0,-9999.0,1.0,-9999.0,1.0,-9999.0,1.0,2.5,1.0,-9999.0,1.0,-9999.0,1.0,-9999.0,1.0,181.79,1.0,89.304,1.0,617.923,1.0,-9999.0,1.0,15.1111,1.0,14.4957,1.0,0.657538,1.0
2015-03-17 08:00:00,31,-9964.0,151.0,-9999.0,1.0,-9999.0,1.0,-9999.0,1.0,-9999.0,1.0,-9999.0,1.0,4.4,1.0,-9999.0,1.0,-9999.0,1.0,-9999.0,1.0,149.924,1.0,81.5689,1.0,618.437,1.0,-9999.0,1.0,146.142,1.0,16.2283,1.0,1.24909,1.0
2015-03-17 09:00:00,31,-9964.0,151.0,-9999.0,1.0,-9999.0,1.0,-9999.0,1.0,-9999.0,1.0,-9999.0,1.0,20.3,1.0,-9999.0,1.0,-9999.0,1.0,-9999.0,1.0,43.1287,1.0,71.1456,1.0,618.788,1.0,-9999.0,1.0,306.917,1.0,19.4207,1.0,0.916456,1.0
2015-03-17 10:00:00,31,-9964.0,151.0,-9999.0,1.0,-9999.0,1.0,-9999.0,1.0,-9999.0,1.0,-9999.0,1.0,40.8,1.0,-9999.0,1.0,-9999.0,1.0,-9999.0,1.0,34.4245,1.0,58.9728,1.0,619.018,1.0,-9999.0,1.0,646.461,1.0,21.8597,1.0,1.12959,1.0
2015-03-17 11:00:00,31,-9964.0,151.0,-9999.0,1.0,-9999.0,1.0,-9999.0,1.0,-9999.0,1.0,-9999.0,1.0,46.4,1.0,-9999.0,1.0,-9999.0,1.0,-9999.0,1.0,79.4685,1.0,51.6169,1.0,618.707,1.0,-9999.0,1.0,654.8,1.0,23.8625,1.0,0.208059,1.0
2015-03-17 12:00:00,31,-9964.0,151.0,-9999.0,1.0,-9999.0,1.0,-9999.0,1.0,-9999.0,1.0,-9999.0,1.0,49.6,1.0,-9999.0,1.0,-9999.0,1.0,-9999.0,1.0,178.093,1.0,53.1765,1.0,618.051,1.0,-9999.0,1.0,851.483,1.0,24.2491,1.0,1.75571,1.0
2015-03-17 13:00:00,31,-9964.0,151.0,-9999.0,1.0,-9999.0,1.0,-9999.0,1.0,-9999.0,1.0,-9999.0,1.0,45.8,1.0,-9999.0,1.0,-9999.0,1.0,-9999.0,1.0,172.615,1.0,47.9839,1.0,617.373,1.0,-9999.0,1.0,721.844,1.0,25.2147,1.0,1.40487,1.0
2015-03-17 14:00:00,31,-9964.0,151.0,-9999.0,1.0,-9999.0,1.0,-9999.0,1.0,-9999.0,1.0,-9999.0,1.0,44.4,1.0,-9999.0,1.0,-9999.0,1.0,-9999.0,1.0,161.21,1.0,43.8976,1.0,616.461,1.0,-9999.0,1.0,749.408,1.0,26.1032,1.0,2.05075,1.0
2015-03-17 15:00:00,31,-9964.0,151.0,-9999.0,1.0,-9999.0,1.0,-9999.0,1.0,-9999.0,1.0,-9999.0,1.0,47.8,1.0,-9999.0,1.0,-9999.0,1.0,-9999.0,1.0,249.915,1.0,42.6347,1.0,615.796,1.0,-9999.0,1.0,466.553,1.0,26.4925,1.0,1.2222,1.0
2015-03-17 16:00:00,31,-9964.0,151.0,-9999.0,1.0,-9999.0,1.0,-9999.0,1.0,-9999.0,1.0,-9999.0,1.0,51.2,1.0,-9999.0,1.0,-9999.0,1.0,-9999.0,1.0,347.613,1.0,52.4813,1.0,615.492,1.0,-9999.0,1.0,212.556,1.0,24.3674,1.0,2.11792,1.0
2015-03-17 17:00:00,31,-9964.0,151.0,-9999.0,1.0,-9999.0,1.0,-9999.0,1.0,-9999.0,1.0,-9999.0,1.0,44.3,1.0,-9999.0,1.0,-9999.0,1.0,-9999.0,1.0,343.424,1.0,58.4512,1.0,615.68,1.0,-9999.0,1.0,247.033,1.0,23.1929,1.0,2.71235,1.0
2015-03-17 18:00:00,31,-9964.0,151.0,-9999.0,1.0,-9999.0,1.0,-9999.0,1.0,-9999.0,1.0,-9999.0,1.0,25.5,1.0,-9999.0,1.0,-9999.0,1.0,-9999.0,1.0,345.181,1.0,75.3003,1.0,616.021,1.0,-9999.0,1.0,13.5806,1.0,20.3229,1.0,2.43986,1.0
2015-03-17 19:00:00,31,-9964.0,151.0,-9999.0,1.0,-9999.0,1.0,-9999.0,1.0,-9999.0,1.0,-9999.0,1.0,14.6,1.0,-9999.0,1.0,-9999.0,1.0,-9999.0,1.0,343.556,1.0,85.4974,1.0,616.648,1.0,-9999.0,1.0,0.213889,1.0,18.5078,1.0,2.15488,1.0
2015-03-17 20:00:00,31,-9964.0,151.0,-9999.0,1.0,-9999.0,1.0,-9999.0,1.0,-9999.0,1.0,-9999.0,1.0,12.1,1.0,-9999.0,1.0,-9999.0,1.0,-9999.0,1.0,351.674,1.0,86.5656,1.0,617.263,1.0,-9999.0,1.0,0.0,1.0,18.2075,1.0,2.39536,1.0
2015-03-17 21:00:00,31,-9964.0,151.0,-9999.0,1.0,-9999.0,1.0,-9999.0,1.0,-9999.0,1.0,-9999.0,1.0,5.0,1.0,-9999.0,1.0,-9999.0,1.0,-9999.0,1.0,356.395,1.0,87.2079,1.0,617.795,1.0,-9999.0,1.0,0.0,1.0,18.2121,1.0,1.81059,1.0
2015-03-17 22:00:00,31,-9964.0,151.0,-9999.0,1.0,-9999.0,1.0,-9999.0,1.0,-9999.0,1.0,-9999.0,1.0,5.1,1.0,-9999.0,1.0,-9999.0,1.0,-9999.0,1.0,358.248,1.0,86.2058,1.0,618.034,1.0,-9999.0,1.0,0.0,1.0,18.1667,1.0,1.5898,1.0
2015-03-17 23:00:00,31,-9964.0,151.0,-9999.0,1.0,-9999.0,1.0,-9999.0,1.0,-9999.0,1.0,-9999.0,1.0,7.3,1.0,-9999.0,1.0,-9999.0,1.0,-9999.0,1.0,348.604,1.0,85.6046,1.0,618.377,1.0,-9999.0,1.0,0.0,1.0,17.9974,1.0,1.60152,1.0
2015-03-18 00:00:00,31,-9964.0,151.0,-9999.0,1.0,-9999.0,151.0,-9999.0,1.0,-9999.0,1.0,-9999.0,1.0,7.6,1.0,-9999.0,1.0,-9999.0,1.0,-9999.0,1.0,348.154,1.0,85.6007,1.0,618.361,1.0,-9999.0,1.0,-0.0555556,151.0,17.8506,1.0,1.82633,1.0
2015-03-18 01:00:00,31,-9964.0,151.0,-9999.0,1.0,-9999.0,151.0,-9999.0,1.0,-9999.0,1.0,-9999.0,1.0,9.0,1.0,-9999.0,1.0,-9999.0,1.0,-9999.0,1.0,343.617,1.0,86.3297,1.0,617.897,1.0,-9999.0,1.0,0.0,1.0,17.7039,1.0,1.94389,1.0
2015-03-18 02:00:00,31,-9964.0,151.0,-9999.0,1.0,-9999.0,151.0,-9999.0,1.0,-9999.0,1.0,-9999.0,1.0,10.0,1.0,-9999.0,1.0,-9999.0,1.0,-9999.0,1.0,348.301,1.0,86.3675,1.0,617.51,1.0,-9999.0,1.0,0.0,1.0,17.5244,1.0,1.8835,1.0
2015-03-18 03:00:00,31,-9964.0,151.0,-9999.0,1.0,-9999.0,151.0,-9999.0,1.0,-9999.0,1.0,-9999.0,1.0,7.8,1.0,-9999.0,1.0,-9999.0,1.0,-9999.0,1.0,343.938,1.0,87.8756,1.0,617.208,1.0,-9999.0,1.0,0.0,1.0,17.0551,1.0,1.21839,1.0
2015-03-18 04:00:00,31,-9964.0,151.0,-9999.0,1.0,-9999.0,151.0,-9999.0,1.0,-9999.0,1.0,-9999.0,1.0,5.4,1.0,-9999.0,1.0,-9999.0,1.0,-9999.0,1.0,289.206,1.0,89.7056,1.0,616.914,1.0,-9999.0,1.0,0.0,1.0,16.5446,1.0,0.0588212,1.0
2015-03-18 05:00:00,31,-9964.0,151.0,-9999.0,1.0,-9999.0,151.0,-9999.0,1.0,-9999.0,1.0,-9999.0,1.0,3.0,1.0,-9999.0,1.0,-9999.0,1.0,-9999.0,1.0,185.635,1.0,88.946,1.0,617.209,1.0,-9999.0,1.0,0.0,1.0,16.3304,1.0,0.52129,1.0
2015-03-18 06:00:00,31,-9964.0,151.0,-9999.0,1.0,-9999.0,151.0,-9999.0,1.0,-9999.0,1.0,-9999.0,1.0,2.5,1.0,-9999.0,1.0,-9999.0,1.0,-9999.0,1.0,280.911,1.0,89.0978,1.0,617.291,1.0,-9999.0,1.0,0.0,1.0,16.2679,1.0,0.185952,1.0
2015-03-18 07:00:00,31,-9964.0,151.0,-9999.0,1.0,-9999.0,151.0,-9999.0,1.0,-9999.0,1.0,-9999.0,1.0,2.7,1.0,-9999.0,1.0,-9999.0,1.0,-9999.0,1.0,170.396,1.0,88.8767,1.0,617.616,1.0,-9999.0,1.0,6.6,1.0,16.1199,1.0,0.522695,1.0
2015-03-18 08:00:00,31,-9964.0,151.0,-9999.0,1.0,-9999.0,151.0,-9999.0,1.0,-9999.0,1.0,-9999.0,1.0,3.2,1.0,-9999.0,1.0,-9999.0,1.0,-9999.0,1.0,152.48,1.0,86.0843,1.0,618.308,1.0,-9999.0,1.0,54.5583,1.0,16.5222,1.0,0.79613,1.0
2015-03-18 09:00:00,31,-9964.0,151.0,-9999.0,1.0,-9999.0,151.0,-9999.0,1.0,-9999.0,1.0,-9999.0,1.0,8.7,1.0,-9999.0,1.0,-9999.0,1.0,-9999.0,1.0,158.364,1.0,78.7635,1.0,618.815,1.0,-9999.0,1.0,175.108,1.0,18.5081,1.0,0.2734,1.0
2015-03-18 10:00:00,31,-9964.0,151.0,-9999.0,1.0,-9999.0,151.0,-9999.0,1.0,-9999.0,1.0,-9999.0,1.0,22.4,1.0,-9999.0,1.0,-9999.0,1.0,-9999.0,1.0,350.126,1.0,73.4628,1.0,619.125,1.0,-9999.0,1.0,165.019,1.0,19.5447,1.0,0.730891,1.0
2015-03-18 11:00:00,31,-9996.0,151.0,-9999.0,1.0,-9999.0,151.0,-9999.0,1.0,-9999.0,1.0,-9999.0,1.0,33.5,1.0,-9999.0,1.0,-9999.0,1.0,-9999.0,1.0,59.7478,1.0,68.1735,1.0,618.892,1.0,-9999.0,1.0,382.711,1.0,20.9231,1.0,0.238676,1.0
2015-03-18 12:00:00,31,-9996.0,151.0,-9999.0,1.0,-9999.0,151.0,-9999.0,1.0,-9999.0,1.0,-9999.0,1.0,45.4,1.0,-9999.0,1.0,-9999.0,1.0,-9999.0,1.0,177.261,1.0,62.7146,1.0,618.226,1.0,-9999.0,1.0,594.903,1.0,22.6253,1.0,1.12036,1.0
2015-03-18 13:00:00,31,-9964.0,151.0,-9999.0,1.0,-9999.0,151.0,-9999.0,1.0,-9999.0,1.0,-9999.0,1.0,41.9,1.0,-9999.0,1.0,-9999.0,1.0,-9999.0,1.0,203.799,1.0,62.4829,1.0,617.586,1.0,-9999.0,1.0,674.115,1.0,23.0018,1.0,1.59619,1.0
2015-03-18 14:00:00,31,37.0,1.0,-9999.0,1.0,-9999.0,151.0,-9999.0,1.0,-9999.0,1.0,-9999.0,1.0,45.6,1.0,-9999.0,1.0,-9999.0,1.0,-9999.0,1.0,181.604,1.0,59.251,1.0,616.768,1.0,-9999.0,1.0,574.689,1.0,23.236,1.0,2.4674,1.0
2015-03-18 15:00:00,31,31.0,1.0,-9999.0,1.0,-9999.0,151.0,-9999.0,1.0,-9999.0,1.0,-9999.0,1.0,44.7,1.0,-9999.0,1.0,-9999.0,1.0,-9999.0,1.0,209.732,1.0,58.715,1.0,616.131,1.0,-9999.0,1.0,502.497,1.0,23.7179,1.0,1.44489,1.0
2015-03-18 16:00:00,31,34.0,1.0,-9999.0,1.0,-9999.0,151.0,-9999.0,1.0,-9999.0,1.0,-9999.0,1.0,38.4,1.0,-9999.0,1.0,-9999.0,1.0,-9999.0,1.0,198.467,1.0,73.7489,1.0,616.108,1.0,-9999.0,1.0,79.2417,1.0,20.7721,1.0,1.14499,1.0
2015-03-18 17:00:00,31,22.0,1.0,-9999.0,1.0,-9999.0,151.0,-9999.0,1.0,-9999.0,1.0,-9999.0,1.0,25.0,1.0,-9999.0,1.0,-9999.0,1.0,-9999.0,1.0,345.339,1.0,87.6544,1.0,616.547,1.0,-9999.0,1.0,17.7917,1.0,17.0031,1.0,1.85729,1.0
2015-03-18 18:00:00,31,35.0,1.0,-9999.0,1.0,-9999.0,151.0,-9999.0,1.0,-9999.0,1.0,-9999.0,1.0,14.3,1.0,-9999.0,1.0,-9999.0,1.0,-9999.0,1.0,342.224,1.0,87.311,1.0,616.941,1.0,-9999.0,1.0,0.0,1.0,16.9781,1.0,1.5353,1.0
2015-03-18 19:00:00,31,46.0,1.0,-9999.0,1.0,-9999.0,151.0,-9999.0,1.0,-9999.0,1.0,-9999.0,1.0,5.6,1.0,-9999.0,1.0,-9999.0,1.0,-9999.0,1.0,285.194,1.0,89.447,1.0,617.537,1.0,-9999.0,1.0,0.0,1.0,16.504,1.0,0.556297,1.0
2015-03-18 20:00:00,31,48.0,1.0,-9999.0,1.0,-9999.0,151.0,-9999.0,1.0,-9999.0,1.0,-9999.0,1.0,6.7,1.0,-9999.0,1.0,-9999.0,1.0,-9999.0,1.0,182.918,1.0,90.8328,1.0,617.898,1.0,-9999.0,1.0,0.0,1.0,16.2892,1.0,0.857853,1.0
2015-03-18 21:00:00,31,37.0,1.0,-9999.0,1.0,-9999.0,151.0,-9999.0,1.0,-9999.0,1.0,-9999.0,1.0,5.6,1.0,-9999.0,1.0,-9999.0,1.0,-9999.0,1.0,311.512,1.0,90.3074,1.0,618.493,1.0,-9999.0,1.0,0.0,1.0,16.4826,1.0,0.333711,1.0
2015-03-18 22:00:00,31,42.0,1.0,-9999.0,1.0,-9999.0,151.0,-9999.0,1.0,-9999.0,1.0,-9999.0,1.0,4.5,1.0,-9999.0,1.0,-9999.0,1.0,-9999.0,1.0,318.595,1.0,90.8792,1.0,618.97,1.0,-9999.0,1.0,0.0,1.0,16.5447,1.0,0.38015,1.0
2015-03-18 23:00:00,31,48.0,1.0,-9999.0,1.0,-9999.0,151.0,-9999.0,1.0,-9999.0,1.0,-9999.0,1.0,2.7,1.0,-9999.0,1.0,-9999.0,1.0,-9999.0,1.0,340.81,1.0,90.5197,1.0,619.125,1.0,-9999.0,1.0,0.0,1.0,16.3619,1.0,0.729425,1.0
2015-03-19 00:00:00,31,55.0,1.0,-9999.0,1.0,-9999.0,151.0,-9999.0,1.0,-9999.0,1.0,-9999.0,1.0,3.3,1.0,-9999.0,1.0,-9999.0,1.0,-9999.0,1.0,347.645,1.0,90.4607,1.0,619.123,1.0,-9999.0,1.0,0.0,1.0,16.3857,1.0,0.994472,1.0
2015-03-19 01:00:00,31,29.0,1.0,-9999.0,1.0,-9999.0,1.0,-9999.0,1.0,-9999.0,1.0,-9999.0,1.0,6.8,1.0,-9999.0,1.0,-9999.0,1.0,-9999.0,1.0,282.25,1.0,90.9283,1.0,618.778,1.0,-9999.0,1.0,0.0,1.0,16.1454,1.0,0.619857,1.0
2015-03-19 02:00:00,31,33.0,1.0,-9999.0,1.0,-9999.0,1.0,-9999.0,1.0,-9999.0,1.0,-9999.0,1.0,6.8,1.0,-9999.0,1.0,-9999.0,1.0,-9999.0,1.0,222.514,1.0,90.6413,1.0,618.225,1.0,-9999.0,1.0,0.0,1.0,16.0368,1.0,0.608424,1.0
2015-03-19 03:00:00,31,26.0,1.0,-9999.0,1.0,-9999.0,1.0,-9999.0,1.0,-9999.0,1.0,-9999.0,1.0,6.3,1.0,-9999.0,1.0,-9999.0,1.0,-9999.0,1.0,177.877,1.0,90.1243,1.0,617.799,1.0,-9999.0,1.0,-0.0555556,151.0,16.1317,1.0,1.33764,1.0
2015-03-19 04:00:00,31,2.0,1.0,-9999.0,1.0,-9999.0,1.0,-9999.0,1.0,-9999.0,1.0,-9999.0,1.0,12.7,1.0,-9999.0,1.0,-9999.0,1.0,-9999.0,1.0,187.884,1.0,86.9172,1.0,617.625,1.0,-9999.0,1.0,0.0,1.0,16.1376,1.0,0.636826,1.0
2015-03-19 05:00:00,31,5.0,1.0,-9999.0,1.0,-9999.0,1.0,-9999.0,1.0,-9999.0,1.0,-9999.0,1.0,7.9,1.0,-9999.0,1.0,-9999.0,1.0,-9999.0,1.0,171.431,1.0,88.2908,1.0,617.643,1.0,-9999.0,1.0,0.0,1.0,16.0335,1.0,1.08322,1.0
2015-03-19 06:00:00,31,10.0,1.0,-9999.0,1.0,-9999.0,1.0,-9999.0,1.0,-9999.0,1.0,-9999.0,1.0,7.3,1.0,-9999.0,1.0,-9999.0,1.0,-9999.0,1.0,187.706,1.0,87.9717,1.0,618.012,1.0,-9999.0,1.0,0.0,1.0,15.9754,1.0,0.630602,1.0
2015-03-19 07:00:00,31,10.0,1.0,-9999.0,1.0,-9999.0,1.0,-9999.0,1.0,-9999.0,1.0,-9999.0,1.0,7.5,1.0,-9999.0,1.0,-9999.0,1.0,-9999.0,1.0,217.683,1.0,89.1389,1.0,618.503,1.0,-9999.0,1.0,0.408333,1.0,15.7668,1.0,0.756567,1.0
2015-03-19 08:00:00,31,7.0,1.0,-9999.0,1.0,-9999.0,1.0,-9999.0,1.0,-9999.0,1.0,-9999.0,1.0,8.1,1.0,-9999.0,1.0,-9999.0,1.0,-9999.0,1.0,166.461,1.0,89.3874,1.0,618.99,1.0,-9999.0,1.0,20.2278,1.0,15.6708,1.0,0.777215,1.0
2015-03-19 09:00:00,31,9.0,1.0,-9999.0,1.0,-9999.0,1.0,-9999.0,1.0,-9999.0,1.0,-9999.0,1.0,9.4,1.0,-9999.0,1.0,-9999.0,1.0,-9999.0,1.0,180.875,1.0,90.3433,1.0,619.656,1.0,-9999.0,1.0,40.6778,1.0,15.7351,1.0,1.19538,1.0
2015-03-19 10:00:00,31,5.0,1.0,-9999.0,1.0,-9999.0,1.0,-9999.0,1.0,-9999.0,1.0,-9999.0,1.0,15.4,1.0,-9999.0,1.0,-9999.0,1.0,-9999.0,1.0,184.526,1.0,87.3026,1.0,620.194,1.0,-9999.0,1.0,147.847,1.0,16.4486,1.0,1.38828,1.0
2015-03-19 11:00:00,31,0.0,1.0,-9999.0,1.0,-9999.0,1.0,-9999.0,1.0,-9999.0,1.0,-9999.0,1.0,19.1,1.0,-9999.0,1.0,-9999.0,1.0,-9999.0,1.0,179.443,1.0,79.1335,1.0,620.022,1.0,-9999.0,1.0,311.767,1.0,18.2501,1.0,1.16115,1.0
2015-03-19 12:00:00,31,17.0,1.0,-9999.0,1.0,-9999.0,1.0,-9999.0,1.0,-9999.0,1.0,-9999.0,1.0,14.8,1.0,-9999.0,1.0,-9999.0,1.0,-9999.0,1.0,3.88997,1.0,77.5365,1.0,619.643,1.0,-9999.0,1.0,255.189,1.0,19.0233,1.0,0.215016,1.0
2015-03-19 13:00:00,31,5.0,1.0,-9999.0,1.0,-9999.0,1.0,-9999.0,1.0,-9999.0,1.0,-9999.0,1.0,20.4,1.0,-9999.0,1.0,-9999.0,1.0,-9999.0,1.0,207.73,1.0,76.2735,1.0,619.023,1.0,-9999.0,1.0,181.767,1.0,18.7771,1.0,1.21719,1.0
2015-03-19 14:00:00,31,6.0,1.0,-9999.0,1.0,-9999.0,1.0,-9999.0,1.0,-9999.0,1.0,-9999.0,1.0,18.6,1.0,-9999.0,1.0,-9999.0,1.0,-9999.0,1.0,170.043,1.0,83.6735,1.0,618.441,1.0,-9999.0,1.0,181.003,1.0,17.5471,1.0,2.36999,1.0
2015-03-19 15:00:00,31,4.0,1.0,-9999.0,1.0,-9999.0,1.0,-9999.0,1.0,-9999.0,1.0,-9999.0,1.0,18.3,1.0,-9999.0,1.0,-9999.0,1.0,-9999.0,1.0,159.777,1.0,80.1411,1.0,617.778,1.0,-9999.0,1.0,173.7,1.0,17.9628,1.0,2.38395,1.0
2015-03-19 16:00:00,31,1.0,1.0,-9999.0,1.0,-9999.0,1.0,-9999.0,1.0,-9999.0,1.0,-9999.0,1.0,17.4,1.0,-9999.0,1.0,-9999.0,1.0,-9999.0,1.0,171.452,1.0,75.4404,1.0,617.44,1.0,-9999.0,1.0,125.847,1.0,18.8407,1.0,1.32723,1.0
2015-03-19 17:00:00,31,25.0,1.0,-9999.0,1.0,-9999.0,1.0,-9999.0,1.0,-9999.0,1.0,-9999.0,1.0,10.1,1.0,-9999.0,1.0,-9999.0,1.0,-9999.0,1.0,352.352,1.0,80.8054,1.0,617.265,1.0,-9999.0,1.0,43.9694,1.0,18.1871,1.0,1.22765,1.0
2015-03-19 18:00:00,31,34.0,1.0,-9999.0,1.0,-9999.0,1.0,-9999.0,1.0,-9999.0,1.0,-9999.0,1.0,6.4,1.0,-9999.0,1.0,-9999.0,1.0,-9999.0,1.0,343.722,1.0,87.3628,1.0,617.622,1.0,-9999.0,1.0,11.0972,1.0,16.9188,1.0,2.145,1.0
2015-03-19 19:00:00,31,20.0,1.0,-9999.0,1.0,-9999.0,1.0,-9999.0,1.0,-9999.0,1.0,-9999.0,1.0,3.3,1.0,-9999.0,1.0,-9999.0,1.0,-9999.0,1.0,341.987,1.0,87.7522,1.0,618.181,1.0,-9999.0,1.0,0.0,1.0,16.3224,1.0,2.27608,1.0
2015-03-19 20:00:00,31,20.0,1.0,-9999.0,1.0,-9999.0,1.0,-9999.0,1.0,-9999.0,1.0,-9999.0,1.0,2.5,1.0,-9999.0,1.0,-9999.0,1.0,-9999.0,1.0,336.131,1.0,90.3067,1.0,618.895,1.0,-9999.0,1.0,0.0,1.0,15.7524,1.0,2.01581,1.0
2015-03-19 21:00:00,31,18.0,1.0,-9999.0,1.0,-9999.0,1.0,-9999.0,1.0,-9999.0,1.0,-9999.0,1.0,2.6,1.0,-9999.0,1.0,-9999.0,1.0,-9999.0,1.0,337.99,1.0,90.9778,1.0,619.436,1.0,-9999.0,1.0,0.0,1.0,15.6254,1.0,1.29265,1.0
2015-03-19 22:00:00,31,18.0,1.0,-9999.0,1.0,-9999.0,1.0,-9999.0,1.0,-9999.0,1.0,-9999.0,1.0,2.7,1.0,-9999.0,1.0,-9999.0,1.0,-9999.0,1.0,288.182,1.0,91.3142,1.0,619.5,1.0,-9999.0,1.0,0.0,1.0,15.4917,1.0,0.303831,1.0
2015-03-19 23:00:00,31,9.0,1.0,-9999.0,1.0,-9999.0,1.0,-9999.0,1.0,-9999.0,1.0,-9999.0,1.0,2.9,1.0,-9999.0,1.0,-9999.0,1.0,-9999.0,1.0,296.715,1.0,91.3081,1.0,619.705,1.0,-9999.0,1.0,0.0,1.0,15.1907,1.0,0.52034,1.0
2015-03-20 00:00:00,31,8.0,1.0,-9999.0,1.0,-9999.0,1.0,-9999.0,1.0,-9999.0,1.0,-9999.0,1.0,2.9,1.0,-9999.0,1.0,-9999.0,1.0,-9999.0,1.0,282.426,1.0,91.5512,1.0,619.933,1.0,-9999.0,1.0,0.0,1.0,15.079,1.0,0.474753,1.0
2015-03-20 01:00:00,31,7.0,1.0,-9999.0,1.0,-9999.0,1.0,-9999.0,1.0,-9999.0,1.0,-9999.0,1.0,2.7,1.0,-9999.0,1.0,-9999.0,1.0,-9999.0,1.0,280.326,1.0,91.1608,1.0,619.62,1.0,-9999.0,1.0,0.0,1.0,15.1949,1.0,0.398589,1.0
2015-03-20 02:00:00,31,21.0,1.0,-9999.0,1.0,-9999.0,1.0,-9999.0,1.0,-9999.0,1.0,-9999.0,1.0,2.4,1.0,-9999.0,1.0,-9999.0,1.0,-9999.0,1.0,206.249,1.0,91.3651,1.0,618.915,1.0,-9999.0,1.0,0.0,1.0,15.1236,1.0,0.476047,1.0
2015-03-20 03:00:00,31,22.0,1.0,-9999.0,1.0,-9999.0,1.0,-9999.0,1.0,-9999.0,1.0,-9999.0,1.0,2.5,1.0,-9999.0,1.0,-9999.0,1.0,-9999.0,1.0,287.677,1.0,91.6193,1.0,618.743,1.0,-9999.0,1.0,0.0,1.0,15.0303,1.0,0.397436,1.0
2015-03-20 04:00:00,31,27.0,1.0,-9999.0,1.0,-9999.0,1.0,-9999.0,1.0,-9999.0,1.0,-9999.0,1.0,2.5,1.0,-9999.0,1.0,-9999.0,1.0,-9999.0,1.0,310.834,1.0,92.2396,1.0,618.615,1.0,-9999.0,1.0,0.0,1.0,14.9408,1.0,0.379311,1.0
2015-03-20 05:00:00,31,23.0,1.0,-9999.0,1.0,-9999.0,1.0,-9999.0,1.0,-9999.0,1.0,-9999.0,1.0,2.3,1.0,-9999.0,1.0,-9999.0,1.0,-9999.0,1.0,164.02,1.0,92.316,1.0,618.75,1.0,-9999.0,1.0,0.0,1.0,14.91,1.0,0.328743,1.0
2015-03-20 06:00:00,31,22.0,1.0,-9999.0,1.0,-9999.0,1.0,-9999.0,1.0,-9999.0,1.0,-9999.0,1.0,2.5,1.0,-9999.0,1.0,-9999.0,1.0,-9999.0,1.0,194.127,1.0,91.2396,1.0,618.882,1.0,-9999.0,1.0,0.0,1.0,14.754,1.0,0.729299,1.0
2015-03-20 07:00:00,31,23.0,1.0,-9999.0,1.0,-9999.0,1.0,-9999.0,1.0,-9999.0,1.0,-9999.0,1.0,2.7,1.0,-9999.0,1.0,-9999.0,1.0,-9999.0,1.0,192.865,1.0,90.487,1.0,619.342,1.0,-9999.0,1.0,5.975,1.0,14.2282,1.0,0.952636,1.0
2015-03-20 08:00:00,31,23.0,1.0,-9999.0,1.0,-9999.0,1.0,-9999.0,1.0,-9999.0,1.0,-9999.0,1.0,3.3,1.0,-9999.0,1.0,-9999.0,1.0,-9999.0,1.0,162.727,1.0,87.0865,1.0,620.049,1.0,-9999.0,1.0,140.667,1.0,15.0926,1.0,1.02169,1.0
2015-03-20 09:00:00,31,33.0,1.0,-9999.0,1.0,-9999.0,1.0,-9999.0,1.0,-9999.0,1.0,-9999.0,1.0,6.1,1.0,-9999.0,1.0,-9999.0,1.0,-9999.0,1.0,10.126,1.0,79.7689,1.0,620.449,1.0,-9999.0,1.0,212.414,1.0,17.1843,1.0,0.83383,1.0
2015-03-20 10:00:00,31,38.0,1.0,-9999.0,1.0,-9999.0,1.0,-9999.0,1.0,-9999.0,1.0,-9999.0,1.0,19.3,1.0,-9999.0,1.0,-9999.0,1.0,-9999.0,1.0,26.9821,1.0,67.0051,1.0,620.456,1.0,-9999.0,1.0,477.297,1.0,19.5325,1.0,1.31383,1.0
2015-03-20 11:00:00,31,13.0,1.0,-9999.0,1.0,-9999.0,1.0,-9999.0,1.0,-9999.0,1.0,-9999.0,1.0,36.6,1.0,-9999.0,1.0,-9999.0,1.0,-9999.0,1.0,96.8151,1.0,50.5249,1.0,620.147,1.0,-9999.0,1.0,765.453,1.0,22.2357,1.0,0.62408,1.0
2015-03-20 12:00:00,31,13.0,1.0,-9999.0,1.0,-9999.0,1.0,-9999.0,1.0,-9999.0,1.0,-9999.0,1.0,33.6,1.0,-9999.0,1.0,-9999.0,1.0,-9999.0,1.0,182.664,1.0,57.2242,1.0,619.471,1.0,-9999.0,1.0,604.278,1.0,22.6394,1.0,1.33726,1.0
2015-03-20 13:00:00,31,7.0,1.0,-9999.0,1.0,-9999.0,1.0,-9999.0,1.0,-9999.0,1.0,-9999.0,1.0,32.9,1.0,-9999.0,1.0,-9999.0,1.0,-9999.0,1.0,180.148,1.0,52.6694,1.0,618.623,1.0,-9999.0,1.0,529.481,1.0,23.4515,1.0,1.71361,1.0
2015-03-20 14:00:00,31,4.0,1.0,-9999.0,1.0,-9999.0,1.0,-9999.0,1.0,-9999.0,1.0,-9999.0,1.0,33.6,1.0,-9999.0,1.0,-9999.0,1.0,-9999.0,1.0,222.523,1.0,54.2017,1.0,617.815,1.0,-9999.0,1.0,355.333,1.0,23.3183,1.0,1.22914,1.0
2015-03-20 15:00:00,31,5.0,1.0,-9999.0,1.0,-9999.0,1.0,-9999.0,1.0,-9999.0,1.0,-9999.0,1.0,29.6,1.0,-9999.0,1.0,-9999.0,1.0,-9999.0,1.0,272.358,1.0,62.8631,1.0,617.368,1.0,-9999.0,1.0,167.192,1.0,21.4669,1.0,1.40653,1.0
2015-03-20 16:00:00,31,22.0,1.0,-9999.0,1.0,-9999.0,1.0,-9999.0,1.0,-9999.0,1.0,-9999.0,1.0,14.6,1.0,-9999.0,1.0,-9999.0,1.0,-9999.0,1.0,346.656,1.0,74.6493,1.0,617.38,1.0,-9999.0,1.0,81.6195,1.0,19.031,1.0,1.13626,1.0
2015-03-20 17:00:00,31,21.0,1.0,-9999.0,1.0,-9999.0,1.0,-9999.0,1.0,-9999.0,1.0,-9999.0,1.0,7.3,1.0,-9999.0,1.0,-9999.0,1.0,-9999.0,1.0,345.652,1.0,77.0565,1.0,617.276,1.0,-9999.0,1.0,51.7556,1.0,18.7736,1.0,1.64559,1.0
2015-03-20 18:00:00,31,26.0,1.0,-9999.0,1.0,-9999.0,1.0,-9999.0,1.0,-9999.0,1.0,-9999.0,1.0,5.4,1.0,-9999.0,1.0,-9999.0,1.0,-9999.0,1.0,341.479,1.0,77.7635,1.0,617.659,1.0,-9999.0,1.0,17.4056,1.0,18.4551,1.0,1.65948,1.0
2015-03-20 19:00:00,31,35.0,1.0,-9999.0,1.0,-9999.0,1.0,-9999.0,1.0,-9999.0,1.0,-9999.0,1.0,2.9,1.0,-9999.0,1.0,-9999.0,1.0,-9999.0,1.0,343.504,1.0,80.6596,1.0,618.148,1.0,-9999.0,1.0,0.0,1.0,17.9689,1.0,2.2462,1.0
2015-03-20 20:00:00,31,32.0,1.0,-9999.0,1.0,-9999.0,1.0,-9999.0,1.0,-9999.0,1.0,-9999.0,1.0,3.3,1.0,-9999.0,1.0,-9999.0,1.0,-9999.0,1.0,340.806,1.0,81.682,1.0,618.881,1.0,-9999.0,1.0,0.0,1.0,17.6094,1.0,1.87772,1.0
2015-03-20 21:00:00,31,33.0,1.0,-9999.0,1.0,-9999.0,1.0,-9999.0,1.0,-9999.0,1.0,-9999.0,1.0,3.1,1.0,-9999.0,1.0,-9999.0,1.0,-9999.0,1.0,334.61,1.0,82.9706,1.0,619.415,1.0,-9999.0,1.0,0.0,1.0,17.4231,1.0,0.799082,1.0
2015-03-20 22:00:00,31,30.0,1.0,-9999.0,1.0,-9999.0,1.0,-9999.0,1.0,-9999.0,1.0,-9999.0,1.0,2.4,1.0,-9999.0,1.0,-9999.0,1.0,-9999.0,1.0,254.881,1.0,85.3737,1.0,619.937,1.0,-9999.0,1.0,0.0,1.0,17.0701,1.0,0.295782,1.0
2015-03-20 23:00:00,31,31.0,1.0,-9999.0,1.0,-9999.0,1.0,-9999.0,1.0,-9999.0,1.0,-9999.0,1.0,2.6,1.0,-9999.0,1.0,-9999.0,1.0,-9999.0,1.0,166.65,1.0,84.7332,1.0,620.234,1.0,-9999.0,1.0,0.0,1.0,17.0228,1.0,0.479789,1.0
2015-03-21 00:00:00,31,25.0,1.0,-9999.0,1.0,-9999.0,1.0,-9999.0,1.0,-9999.0,1.0,-9999.0,1.0,5.3,1.0,-9999.0,1.0,-9999.0,1.0,-9999.0,1.0,183.385,1.0,84.4229,1.0,619.893,1.0,-9999.0,1.0,0.0,1.0,16.8836,1.0,1.49637,1.0
2015-03-21 01:00:00,31,16.0,1.0,-9999.0,1.0,-9999.0,1.0,-9999.0,1.0,-9999.0,1.0,-9999.0,1.0,11.1,1.0,-9999.0,1.0,-9999.0,1.0,-9999.0,1.0,185.351,1.0,84.2271,1.0,619.642,1.0,-9999.0,1.0,0.0,1.0,16.6647,1.0,1.87538,1.0
2015-03-21 02:00:00,31,3.0,1.0,-9999.0,1.0,-9999.0,1.0,-9999.0,1.0,-9999.0,1.0,-9999.0,1.0,11.2,1.0,-9999.0,1.0,-9999.0,1.0,-9999.0,1.0,199.704,1.0,84.3944,1.0,619.307,1.0,-9999.0,1.0,0.0,1.0,16.449,1.0,0.975851,1.0
2015-03-21 03:00:00,31,6.0,1.0,-9999.0,1.0,-9999.0,1.0,-9999.0,1.0,-9999.0,1.0,-9999.0,1.0,9.7,1.0,-9999.0,1.0,-9999.0,1.0,-9999.0,1.0,191.17,1.0,88.0217,1.0,618.909,1.0,-9999.0,1.0,0.0,1.0,15.9153,1.0,1.00644,1.0
2015-03-21 04:00:00,31,7.0,1.0,-9999.0,1.0,-9999.0,1.0,-9999.0,1.0,-9999.0,1.0,-9999.0,1.0,6.2,1.0,-9999.0,1.0,-9999.0,1.0,-9999.0,1.0,174.637,1.0,90.0524,1.0,618.75,1.0,-9999.0,1.0,-0.0555556,151.0,15.6736,1.0,0.730331,1.0
2015-03-21 05:00:00,31,5.0,1.0,-9999.0,1.0,-9999.0,1.0,-9999.0,1.0,-9999.0,1.0,-9999.0,1.0,5.0,1.0,-9999.0,1.0,-9999.0,1.0,-9999.0,1.0,174.135,1.0,89.3751,1.0,618.849,1.0,-9999.0,1.0,0.0,1.0,15.7235,1.0,1.11932,1.0
2015-03-21 06:00:00,31,2.0,1.0,-9999.0,1.0,-9999.0,1.0,-9999.0,1.0,-9999.0,1.0,-9999.0,1.0,8.9,1.0,-9999.0,1.0,-9999.0,1.0,-9999.0,1.0,192.748,1.0,87.7887,1.0,619.1,1.0,-9999.0,1.0,0.0,1.0,15.5615,1.0,0.906967,1.0
2015-03-21 07:00:00,31,5.0,1.0,-9999.0,1.0,-9999.0,1.0,-9999.0,1.0,-9999.0,1.0,-9999.0,1.0,6.8,1.0,-9999.0,1.0,-9999.0,1.0,-9999.0,1.0,175.135,1.0,86.1658,1.0,619.628,1.0,-9999.0,1.0,3.64167,1.0,15.6528,1.0,1.08716,1.0
2015-03-21 08:00:00,31,5.0,1.0,-9999.0,1.0,-9999.0,1.0,-9999.0,1.0,-9999.0,1.0,-9999.0,1.0,10.9,1.0,-9999.0,1.0,-9999.0,1.0,-9999.0,1.0,184.714,1.0,78.3703,1.0,620.192,1.0,-9999.0,1.0,124.036,1.0,17.0065,1.0,0.969784,1.0
2015-03-21 09:00:00,31,1.0,1.0,-9999.0,1.0,-9999.0,1.0,-9999.0,1.0,-9999.0,1.0,-9999.0,1.0,14.5,1.0,-9999.0,1.0,-9999.0,1.0,-9999.0,1.0,223.51,1.0,74.6782,1.0,620.679,1.0,-9999.0,1.0,155.547,1.0,17.7933,1.0,1.08531,1.0
2015-03-21 10:00:00,31,0.0,1.0,-9999.0,1.0,-9999.0,1.0,-9999.0,1.0,-9999.0,1.0,-9999.0,1.0,17.6,1.0,-9999.0,1.0,-9999.0,1.0,-9999.0,1.0,174.708,1.0,69.6468,1.0,620.954,1.0,-9999.0,1.0,361.992,1.0,18.6929,1.0,1.98561,1.0
2015-03-21 11:00:00,31,2.0,1.0,-9999.0,1.0,-9999.0,1.0,-9999.0,1.0,-9999.0,1.0,-9999.0,1.0,20.4,1.0,-9999.0,1.0,-9999.0,1.0,-9999.0,1.0,170.092,1.0,61.7627,1.0,620.452,1.0,-9999.0,1.0,632.826,1.0,20.3729,1.0,2.61566,1.0
2015-03-21 12:00:00,31,2.0,1.0,-9999.0,1.0,-9999.0,1.0,-9999.0,1.0,-9999.0,1.0,-9999.0,1.0,23.3,1.0,-9999.0,1.0,-9999.0,1.0,-9999.0,1.0,180.383,1.0,57.1696,1.0,619.997,1.0,-9999.0,1.0,614.519,1.0,21.7514,1.0,2.24379,1.0
2015-03-21 13:00:00,31,0.0,1.0,-9999.0,1.0,-9999.0,1.0,-9999.0,1.0,-9999.0,1.0,-9999.0,1.0,25.1,1.0,-9999.0,1.0,-9999.0,1.0,-9999.0,1.0,188.397,1.0,55.8878,1.0,619.284,1.0,-9999.0,1.0,360.122,1.0,22.006,1.0,2.08947,1.0
2015-03-21 14:00:00,31,0.0,1.0,-9999.0,1.0,-9999.0,1.0,-9999.0,1.0,-9999.0,1.0,-9999.0,1.0,23.9,1.0,-9999.0,1.0,-9999.0,1.0,-9999.0,1.0,194.564,1.0,64.2671,1.0,618.856,1.0,-9999.0,1.0,176.022,1.0,20.732,1.0,1.43973,1.0
2015-03-21 15:00:00,31,4.0,1.0,-9999.0,1.0,-9999.0,1.0,-9999.0,1.0,-9999.0,1.0,-9999.0,1.0,22.3,1.0,-9999.0,1.0,-9999.0,1.0,-9999.0,1.0,174.537,1.0,67.0325,1.0,618.181,1.0,-9999.0,1.0,227.883,1.0,20.3032,1.0,3.08551,1.0
2015-03-21 16:00:00,31,2.0,1.0,-9999.0,1.0,-9999.0,1.0,-9999.0,1.0,-9999.0,1.0,-9999.0,1.0,22.1,1.0,-9999.0,1.0,-9999.0,1.0,-9999.0,1.0,163.504,1.0,57.9192,1.0,617.745,1.0,-9999.0,1.0,387.047,1.0,21.481,1.0,3.28414,1.0
2015-03-21 17:00:00,31,3.0,1.0,-9999.0,1.0,-9999.0,1.0,-9999.0,1.0,-9999.0,1.0,-9999.0,1.0,21.3,1.0,-9999.0,1.0,-9999.0,1.0,-9999.0,1.0,157.445,1.0,52.8807,1.0,617.625,1.0,-9999.0,1.0,438.753,1.0,23.2147,1.0,2.26726,1.0
2015-03-21 18:00:00,31,8.0,1.0,-9999.0,1.0,-9999.0,1.0,-9999.0,1.0,-9999.0,1.0,-9999.0,1.0,19.8,1.0,-9999.0,1.0,-9999.0,1.0,-9999.0,1.0,244.661,1.0,62.048,1.0,617.718,1.0,-9999.0,1.0,29.5278,1.0,20.9188,1.0,0.499162,1.0
2015-03-21 19:00:00,31,22.0,1.0,-9999.0,1.0,-9999.0,1.0,-9999.0,1.0,-9999.0,1.0,-9999.0,1.0,14.9,1.0,-9999.0,1.0,-9999.0,1.0,-9999.0,1.0,328.153,1.0,78.4336,1.0,618.265,1.0,-9999.0,1.0,0.0,1.0,17.8713,1.0,2.44113,1.0
2015-03-21 20:00:00,31,28.0,1.0,-9999.0,1.0,-9999.0,1.0,-9999.0,1.0,-9999.0,1.0,-9999.0,1.0,8.5,1.0,-9999.0,1.0,-9999.0,1.0,-9999.0,1.0,330.009,1.0,82.0844,1.0,618.808,1.0,-9999.0,1.0,0.0,1.0,17.3011,1.0,2.03405,1.0
2015-03-21 21:00:00,31,20.0,1.0,-9999.0,1.0,-9999.0,1.0,-9999.0,1.0,-9999.0,1.0,-9999.0,1.0,10.6,1.0,-9999.0,1.0,-9999.0,1.0,-9999.0,1.0,345.832,1.0,85.0792,1.0,619.357,1.0,-9999.0,1.0,0.0,1.0,16.78,1.0,1.67303,1.0
2015-03-21 22:00:00,31,20.0,1.0,-9999.0,1.0,-9999.0,1.0,-9999.0,1.0,-9999.0,1.0,-9999.0,1.0,8.5,1.0,-9999.0,1.0,-9999.0,1.0,-9999.0,1.0,344.174,1.0,90.1094,1.0,619.927,1.0,-9999.0,1.0,0.0,1.0,16.1053,1.0,1.33952,1.0
2015-03-21 23:00:00,31,17.0,1.0,-9999.0,1.0,-9999.0,1.0,-9999.0,1.0,-9999.0,1.0,-9999.0,1.0,7.4,1.0,-9999.0,1.0,-9999.0,1.0,-9999.0,1.0,2.55214,1.0,91.4411,1.0,620.25,1.0,-9999.0,1.0,0.0,1.0,15.6435,1.0,0.392496,1.0
2015-03-22 00:00:00,31,14.0,1.0,-9999.0,1.0,-9999.0,1.0,-9999.0,1.0,-9999.0,1.0,-9999.0,1.0,7.5,1.0,-9999.0,1.0,-9999.0,1.0,-9999.0,1.0,207.84,1.0,92.2431,1.0,620.052,1.0,-9999.0,1.0,0.0,1.0,15.4165,1.0,0.362757,1.0
2015-03-22 01:00:00,31,11.0,1.0,-9999.0,1.0,-9999.0,1.0,-9999.0,1.0,-9999.0,1.0,-9999.0,1.0,7.3,1.0,-9999.0,1.0,-9999.0,1.0,-9999.0,1.0,309.932,1.0,92.5018,1.0,619.643,1.0,-9999.0,1.0,0.0,1.0,15.3029,1.0,0.712386,1.0
2015-03-22 02:00:00,31,5.0,1.0,-9999.0,1.0,-9999.0,1.0,-9999.0,1.0,-9999.0,1.0,-9999.0,1.0,7.4,1.0,-9999.0,1.0,-9999.0,1.0,-9999.0,1.0,347.566,1.0,92.6196,1.0,619.013,1.0,-9999.0,1.0,0.0,1.0,15.3236,1.0,1.03938,1.0
2015-03-22 03:00:00,31,19.0,1.0,-9999.0,1.0,-9999.0,1.0,-9999.0,1.0,-9999.0,1.0,-9999.0,1.0,6.9,1.0,-9999.0,1.0,-9999.0,1.0,-9999.0,1.0,335.286,1.0,92.5647,1.0,618.75,1.0,-9999.0,1.0,-0.0555556,151.0,15.1699,1.0,0.914519,1.0
2015-03-22 04:00:00,31,19.0,1.0,-9999.0,1.0,-9999.0,1.0,-9999.0,1.0,-9999.0,1.0,-9999.0,1.0,4.9,1.0,-9999.0,1.0,-9999.0,1.0,-9999.0,1.0,301.491,1.0,92.4724,1.0,618.75,1.0,-9999.0,1.0,-0.0555556,151.0,15.1106,1.0,0.551507,1.0
2015-03-22 05:00:00,31,13.0,1.0,-9999.0,1.0,-9999.0,1.0,-9999.0,1.0,-9999.0,1.0,-9999.0,1.0,4.4,1.0,-9999.0,1.0,-9999.0,1.0,-9999.0,1.0,255.055,1.0,92.5263,1.0,618.737,1.0,-9999.0,1.0,0.0,1.0,14.9749,1.0,0.431828,1.0
2015-03-22 06:00:00,31,12.0,1.0,-9999.0,1.0,-9999.0,1.0,-9999.0,1.0,-9999.0,1.0,-9999.0,1.0,3.1,1.0,-9999.0,1.0,-9999.0,1.0,-9999.0,1.0,216.517,1.0,92.4526,1.0,618.812,1.0,-9999.0,1.0,0.0,1.0,14.9415,1.0,0.443132,1.0
2015-03-22 07:00:00,31,17.0,1.0,-9999.0,1.0,-9999.0,1.0,-9999.0,1.0,-9999.0,1.0,-9999.0,1.0,2.9,1.0,-9999.0,1.0,-9999.0,1.0,-9999.0,1.0,196.218,1.0,92.2743,1.0,619.204,1.0,-9999.0,1.0,3.1,1.0,14.9811,1.0,0.413218,1.0
2015-03-22 08:00:00,31,8.0,1.0,-9999.0,1.0,-9999.0,1.0,-9999.0,1.0,-9999.0,1.0,-9999.0,1.0,3.3,1.0,-9999.0,1.0,-9999.0,1.0,-9999.0,1.0,211.796,1.0,90.26,1.0,619.692,1.0,-9999.0,1.0,42.35,1.0,15.5786,1.0,0.414818,1.0
2015-03-22 09:00:00,31,22.0,1.0,-9999.0,1.0,-9999.0,1.0,-9999.0,1.0,-9999.0,1.0,-9999.0,1.0,5.8,1.0,-9999.0,1.0,-9999.0,1.0,-9999.0,1.0,206.947,1.0,82.651,1.0,620.213,1.0,-9999.0,1.0,196.214,1.0,17.281,1.0,0.28463,1.0
2015-03-22 10:00:00,31,20.0,1.0,-9999.0,1.0,-9999.0,1.0,-9999.0,1.0,-9999.0,1.0,-9999.0,1.0,15.3,1.0,-9999.0,1.0,-9999.0,1.0,-9999.0,1.0,97.8952,1.0,70.9607,1.0,620.25,1.0,-9999.0,1.0,497.039,1.0,19.8374,1.0,0.531958,1.0
2015-03-22 11:00:00,31,7.0,1.0,-9999.0,1.0,-9999.0,1.0,-9999.0,1.0,-9999.0,1.0,-9999.0,1.0,19.4,1.0,-9999.0,1.0,-9999.0,1.0,-9999.0,1.0,175.52,1.0,65.3476,1.0,619.901,1.0,-9999.0,1.0,500.178,1.0,20.6276,1.0,2.23663,1.0
2015-03-22 12:00:00,31,8.0,1.0,-9999.0,1.0,-9999.0,1.0,-9999.0,1.0,-9999.0,1.0,-9999.0,1.0,23.3,1.0,-9999.0,1.0,-9999.0,1.0,-9999.0,1.0,181.043,1.0,59.8975,1.0,619.411,1.0,-9999.0,1.0,455.836,1.0,21.7449,1.0,1.80048,1.0
2015-03-22 13:00:00,31,4.0,1.0,-9999.0,1.0,-9999.0,1.0,-9999.0,1.0,-9999.0,1.0,-9999.0,1.0,25.6,1.0,-9999.0,1.0,-9999.0,1.0,-9999.0,1.0,175.249,1.0,54.2953,1.0,618.888,1.0,-9999.0,1.0,512.883,1.0,22.5124,1.0,2.4026,1.0
2015-03-22 14:00:00,31,3.0,1.0,-9999.0,1.0,-9999.0,1.0,-9999.0,1.0,-9999.0,1.0,-9999.0,1.0,24.7,1.0,-9999.0,1.0,-9999.0,1.0,-9999.0,1.0,194.544,1.0,51.5044,1.0,618.263,1.0,-9999.0,1.0,387.625,1.0,22.9258,1.0,1.79175,1.0
2015-03-22 15:00:00,31,6.0,1.0,-9999.0,1.0,-9999.0,1.0,-9999.0,1.0,-9999.0,1.0,-9999.0,1.0,25.0,1.0,-9999.0,1.0,-9999.0,1.0,-9999.0,1.0,229.268,1.0,50.0825,1.0,617.726,1.0,-9999.0,1.0,554.536,1.0,23.4765,1.0,1.11293,1.0
2015-03-22 16:00:00,31,3.0,1.0,-9999.0,1.0,-9999.0,1.0,-9999.0,1.0,-9999.0,1.0,-9999.0,1.0,26.4,1.0,-9999.0,1.0,-9999.0,1.0,-9999.0,1.0,189.821,1.0,49.5015,1.0,617.254,1.0,-9999.0,1.0,491.122,1.0,23.9917,1.0,1.83389,1.0
2015-03-22 17:00:00,31,1.0,1.0,-9999.0,1.0,-9999.0,1.0,-9999.0,1.0,-9999.0,1.0,-9999.0,1.0,26.2,1.0,-9999.0,1.0,-9999.0,1.0,-9999.0,1.0,205.389,1.0,53.8554,1.0,617.18,1.0,-9999.0,1.0,234.097,1.0,23.2326,1.0,1.2683,1.0
2015-03-22 18:00:00,31,5.0,1.0,-9999.0,1.0,-9999.0,1.0,-9999.0,1.0,-9999.0,1.0,-9999.0,1.0,21.0,1.0,-9999.0,1.0,-9999.0,1.0,-9999.0,1.0,199.684,1.0,62.7076,1.0,617.291,1.0,-9999.0,1.0,25.9056,1.0,21.1957,1.0,0.87377,1.0
2015-03-22 19:00:00,31,17.0,1.0,-9999.0,1.0,-9999.0,1.0,-9999.0,1.0,-9999.0,1.0,-9999.0,1.0,14.0,1.0,-9999.0,1.0,-9999.0,1.0,-9999.0,1.0,326.149,1.0,76.0082,1.0,617.862,1.0,-9999.0,1.0,1.575,1.0,19.0793,1.0,0.884477,1.0
2015-03-22 20:00:00,31,17.0,1.0,-9999.0,1.0,-9999.0,1.0,-9999.0,1.0,-9999.0,1.0,-9999.0,1.0,7.1,1.0,-9999.0,1.0,-9999.0,1.0,-9999.0,1.0,293.41,1.0,83.2067,1.0,618.485,1.0,-9999.0,1.0,0.0,1.0,17.9429,1.0,0.497794,1.0
2015-03-22 21:00:00,31,23.0,1.0,-9999.0,1.0,-9999.0,1.0,-9999.0,1.0,-9999.0,1.0,-9999.0,1.0,4.5,1.0,-9999.0,1.0,-9999.0,1.0,-9999.0,1.0,357.456,1.0,83.3332,1.0,618.96,1.0,-9999.0,1.0,0.0,1.0,17.9685,1.0,0.971802,1.0
2015-03-22 22:00:00,31,24.0,1.0,-9999.0,1.0,-9999.0,1.0,-9999.0,1.0,-9999.0,1.0,-9999.0,1.0,5.7,1.0,-9999.0,1.0,-9999.0,1.0,-9999.0,1.0,342.514,1.0,82.0447,1.0,619.479,1.0,-9999.0,1.0,0.0,1.0,18.0226,1.0,0.690572,1.0
2015-03-22 23:00:00,31,27.0,1.0,-9999.0,1.0,-9999.0,1.0,-9999.0,1.0,-9999.0,1.0,-9999.0,1.0,2.5,1.0,-9999.0,1.0,-9999.0,1.0,-9999.0,1.0,163.147,1.0,86.3486,1.0,619.874,1.0,-9999.0,1.0,0.0,1.0,17.2276,1.0,0.595994,1.0
2015-03-23 00:00:00,31,24.0,1.0,-9999.0,1.0,-9999.0,1.0,-9999.0,1.0,-9999.0,1.0,-9999.0,1.0,2.3,1.0,-9999.0,1.0,-9999.0,1.0,-9999.0,1.0,269.673,1.0,88.1343,1.0,619.832,1.0,-9999.0,1.0,0.0,1.0,16.6333,1.0,0.51815,1.0
2015-03-23 01:00:00,31,20.0,1.0,-9999.0,1.0,-9999.0,1.0,-9999.0,1.0,-9999.0,1.0,-9999.0,1.0,2.5,1.0,-9999.0,1.0,-9999.0,1.0,-9999.0,1.0,144.603,1.0,88.6267,1.0,619.5,1.0,-9999.0,1.0,0.0,1.0,16.5135,1.0,0.22268,1.0
2015-03-23 02:00:00,31,22.0,1.0,-9999.0,1.0,-9999.0,1.0,-9999.0,1.0,-9999.0,1.0,-9999.0,1.0,2.6,1.0,-9999.0,1.0,-9999.0,1.0,-9999.0,1.0,161.106,1.0,88.8992,1.0,619.079,1.0,-9999.0,1.0,0.0,1.0,16.3311,1.0,0.746827,1.0
2015-03-23 03:00:00,31,17.0,1.0,-9999.0,1.0,-9999.0,1.0,-9999.0,1.0,-9999.0,1.0,-9999.0,1.0,2.6,1.0,-9999.0,1.0,-9999.0,1.0,-9999.0,1.0,307.216,1.0,88.3061,1.0,618.791,1.0,-9999.0,1.0,0.0,1.0,16.3435,1.0,0.455332,1.0
2015-03-23 04:00:00,31,18.0,1.0,-9999.0,1.0,-9999.0,1.0,-9999.0,1.0,-9999.0,1.0,-9999.0,1.0,4.8,1.0,-9999.0,1.0,-9999.0,1.0,-9999.0,1.0,342.216,1.0,88.0678,1.0,618.75,1.0,-9999.0,1.0,-0.0555556,151.0,16.4463,1.0,2.1954,1.0
2015-03-23 05:00:00,31,23.0,1.0,-9999.0,1.0,-9999.0,1.0,-9999.0,1.0,-9999.0,1.0,-9999.0,1.0,4.1,1.0,-9999.0,1.0,-9999.0,1.0,-9999.0,1.0,342.322,1.0,88.2403,1.0,618.955,1.0,-9999.0,1.0,0.0,1.0,16.3886,1.0,1.94638,1.0
2015-03-23 06:00:00,31,22.0,1.0,-9999.0,1.0,-9999.0,1.0,-9999.0,1.0,-9999.0,1.0,-9999.0,1.0,2.5,1.0,-9999.0,1.0,-9999.0,1.0,-9999.0,1.0,347.554,1.0,88.9522,1.0,619.107,1.0,-9999.0,1.0,0.0,1.0,16.2558,1.0,1.33319,1.0
2015-03-23 07:00:00,31,25.0,1.0,-9999.0,1.0,-9999.0,1.0,-9999.0,1.0,-9999.0,1.0,-9999.0,1.0,3.8,1.0,-9999.0,1.0,-9999.0,1.0,-9999.0,1.0,353.777,1.0,87.966,1.0,619.459,1.0,-9999.0,1.0,30.2333,1.0,16.3075,1.0,1.49462,1.0
2015-03-23 08:00:00,31,44.0,1.0,-9999.0,1.0,-9999.0,1.0,-9999.0,1.0,-9999.0,1.0,-9999.0,1.0,7.3,1.0,-9999.0,1.0,-9999.0,1.0,-9999.0,1.0,2.01219,1.0,83.2869,1.0,619.671,1.0,-9999.0,1.0,200.272,1.0,17.2043,1.0,1.86458,1.0
2015-03-23 09:00:00,31,28.0,1.0,-9999.0,1.0,-9999.0,1.0,-9999.0,1.0,-9999.0,1.0,-9999.0,1.0,15.2,1.0,-9999.0,1.0,-9999.0,1.0,-9999.0,1.0,14.7044,1.0,74.491,1.0,620.093,1.0,-9999.0,1.0,414.867,1.0,18.8333,1.0,2.33477,1.0
2015-03-23 10:00:00,31,20.0,1.0,-9999.0,1.0,-9999.0,1.0,-9999.0,1.0,-9999.0,1.0,-9999.0,1.0,24.1,1.0,-9999.0,1.0,-9999.0,1.0,-9999.0,1.0,15.7144,1.0,66.6979,1.0,620.25,1.0,-9999.0,1.0,643.2,1.0,20.5064,1.0,2.2168,1.0
2015-03-23 11:00:00,31,12.0,1.0,-9999.0,1.0,-9999.0,1.0,-9999.0,1.0,-9999.0,1.0,-9999.0,1.0,33.4,1.0,-9999.0,1.0,-9999.0,1.0,-9999.0,1.0,15.8671,1.0,56.0925,1.0,620.062,1.0,-9999.0,1.0,775.339,1.0,22.2208,1.0,1.50554,1.0
2015-03-23 12:00:00,31,7.0,1.0,-9999.0,1.0,-9999.0,1.0,-9999.0,1.0,-9999.0,1.0,-9999.0,1.0,35.4,1.0,-9999.0,1.0,-9999.0,1.0,-9999.0,1.0,351.415,1.0,44.9604,1.0,619.288,1.0,-9999.0,1.0,921.0,1.0,23.8614,1.0,1.30581,1.0
2015-03-23 13:00:00,31,5.0,1.0,-9999.0,1.0,-9999.0,1.0,-9999.0,1.0,-9999.0,1.0,-9999.0,1.0,38.6,1.0,-9999.0,1.0,-9999.0,1.0,-9999.0,1.0,353.868,1.0,40.4517,1.0,618.55,1.0,-9999.0,1.0,956.386,1.0,25.7043,1.0,0.0353277,1.0
2015-03-23 14:00:00,31,15.0,1.0,-9999.0,1.0,-9999.0,1.0,-9999.0,1.0,-9999.0,1.0,-9999.0,1.0,40.5,1.0,-9999.0,1.0,-9999.0,1.0,-9999.0,1.0,181.165,1.0,47.1743,1.0,617.706,1.0,-9999.0,1.0,898.047,1.0,25.9142,1.0,2.21034,1.0
2015-03-23 15:00:00,31,16.0,1.0,-9999.0,1.0,-9999.0,1.0,-9999.0,1.0,-9999.0,1.0,-9999.0,1.0,41.9,1.0,-9999.0,1.0,-9999.0,1.0,-9999.0,1.0,203.721,1.0,46.6228,1.0,617.018,1.0,-9999.0,1.0,285.925,1.0,25.5232,1.0,1.01023,1.0
2015-03-23 16:00:00,31,13.0,1.0,-9999.0,1.0,-9999.0,1.0,-9999.0,1.0,-9999.0,1.0,-9999.0,1.0,39.2,1.0,-9999.0,1.0,-9999.0,1.0,-9999.0,1.0,326.573,1.0,50.4078,1.0,616.824,1.0,-9999.0,1.0,115.206,1.0,24.1874,1.0,1.24504,1.0
2015-03-23 17:00:00,31,22.0,1.0,-9999.0,1.0,-9999.0,1.0,-9999.0,1.0,-9999.0,1.0,-9999.0,1.0,29.0,1.0,-9999.0,1.0,-9999.0,1.0,-9999.0,1.0,338.519,1.0,63.3001,1.0,616.994,1.0,-9999.0,1.0,40.5667,1.0,21.5165,1.0,1.47426,1.0
2015-03-23 18:00:00,31,23.0,1.0,-9999.0,1.0,-9999.0,1.0,-9999.0,1.0,-9999.0,1.0,-9999.0,1.0,24.3,1.0,-9999.0,1.0,-9999.0,1.0,-9999.0,1.0,340.544,1.0,67.4493,1.0,617.36,1.0,-9999.0,1.0,16.8639,1.0,20.9429,1.0,2.08385,1.0
2015-03-23 19:00:00,31,29.0,1.0,-9999.0,1.0,-9999.0,1.0,-9999.0,1.0,-9999.0,1.0,-9999.0,1.0,23.4,1.0,-9999.0,1.0,-9999.0,1.0,-9999.0,1.0,344.94,1.0,69.7679,1.0,617.898,1.0,-9999.0,1.0,0.0,1.0,19.9961,1.0,1.79213,1.0
2015-03-23 20:00:00,31,26.0,1.0,-9999.0,1.0,-9999.0,1.0,-9999.0,1.0,-9999.0,1.0,-9999.0,1.0,15.2,1.0,-9999.0,1.0,-9999.0,1.0,-9999.0,1.0,351.56,1.0,74.8629,1.0,618.528,1.0,-9999.0,1.0,0.0,1.0,18.9099,1.0,1.35818,1.0
2015-03-23 21:00:00,31,41.0,1.0,-9999.0,1.0,-9999.0,1.0,-9999.0,1.0,-9999.0,1.0,-9999.0,1.0,15.8,1.0,-9999.0,1.0,-9999.0,1.0,-9999.0,1.0,341.075,1.0,76.8817,1.0,619.256,1.0,-9999.0,1.0,0.0,1.0,18.3947,1.0,1.6886,1.0
2015-03-23 22:00:00,31,34.0,1.0,-9999.0,1.0,-9999.0,1.0,-9999.0,1.0,-9999.0,1.0,-9999.0,1.0,11.8,1.0,-9999.0,1.0,-9999.0,1.0,-9999.0,1.0,341.228,1.0,80.1638,1.0,619.833,1.0,-9999.0,1.0,0.0,1.0,17.7376,1.0,1.58088,1.0
2015-03-23 23:00:00,31,33.0,1.0,-9999.0,1.0,-9999.0,1.0,-9999.0,1.0,-9999.0,1.0,-9999.0,1.0,4.7,1.0,-9999.0,1.0,-9999.0,1.0,-9999.0,1.0,205.367,1.0,83.4211,1.0,620.114,1.0,-9999.0,1.0,0.0,1.0,16.511,1.0,0.157796,1.0
2015-03-24 00:00:00,31,27.0,1.0,-9999.0,1.0,-9999.0,1.0,-9999.0,1.0,-9999.0,1.0,-9999.0,1.0,2.7,1.0,-9999.0,1.0,-9999.0,1.0,-9999.0,1.0,151.471,1.0,84.5467,1.0,620.135,1.0,-9999.0,1.0,0.0,1.0,15.7026,1.0,0.70946,1.0
2015-03-24 01:00:00,31,23.0,1.0,-9999.0,1.0,-9999.0,1.0,-9999.0,1.0,-9999.0,1.0,-9999.0,1.0,2.8,1.0,-9999.0,1.0,-9999.0,1.0,-9999.0,1.0,146.382,1.0,85.459,1.0,619.762,1.0,-9999.0,1.0,0.0,1.0,15.0425,1.0,0.756134,1.0
2015-03-24 02:00:00,31,18.0,1.0,-9999.0,1.0,-9999.0,1.0,-9999.0,1.0,-9999.0,1.0,-9999.0,1.0,2.5,1.0,-9999.0,1.0,-9999.0,1.0,-9999.0,1.0,167.487,1.0,86.3264,1.0,619.413,1.0,-9999.0,1.0,0.0,1.0,15.2051,1.0,0.286629,1.0
2015-03-24 03:00:00,31,33.0,1.0,-9999.0,1.0,-9999.0,1.0,-9999.0,1.0,-9999.0,1.0,-9999.0,1.0,2.7,1.0,-9999.0,1.0,-9999.0,1.0,-9999.0,1.0,146.601,1.0,86.9268,1.0,619.123,1.0,-9999.0,1.0,0.0,1.0,15.39,1.0,0.321015,1.0
2015-03-24 04:00:00,31,32.0,1.0,-9999.0,1.0,-9999.0,1.0,-9999.0,1.0,-9999.0,1.0,-9999.0,1.0,3.0,1.0,-9999.0,1.0,-9999.0,1.0,-9999.0,1.0,178.159,1.0,85.8342,1.0,619.119,1.0,-9999.0,1.0,0.0,1.0,14.8337,1.0,1.01179,1.0
2015-03-24 05:00:00,31,26.0,1.0,-9999.0,1.0,-9999.0,1.0,-9999.0,1.0,-9999.0,1.0,-9999.0,1.0,2.6,1.0,-9999.0,1.0,-9999.0,1.0,-9999.0,1.0,173.075,1.0,87.373,1.0,619.392,1.0,-9999.0,1.0,0.0,1.0,14.36,1.0,0.481825,1.0
2015-03-24 06:00:00,31,42.0,1.0,-9999.0,1.0,-9999.0,1.0,-9999.0,1.0,-9999.0,1.0,-9999.0,1.0,2.8,1.0,-9999.0,1.0,-9999.0,1.0,-9999.0,1.0,150.608,1.0,87.8215,1.0,619.734,1.0,-9999.0,1.0,0.0,1.0,13.8283,1.0,0.6988,1.0
2015-03-24 07:00:00,31,36.0,1.0,-9999.0,1.0,-9999.0,1.0,-9999.0,1.0,-9999.0,1.0,-9999.0,1.0,2.8,1.0,-9999.0,1.0,-9999.0,1.0,-9999.0,1.0,168.619,1.0,86.4731,1.0,620.132,1.0,-9999.0,1.0,9.19722,1.0,14.0507,1.0,0.898728,1.0
2015-03-24 08:00:00,31,36.0,1.0,-9999.0,1.0,-9999.0,1.0,-9999.0,1.0,-9999.0,1.0,-9999.0,1.0,4.3,1.0,-9999.0,1.0,-9999.0,1.0,-9999.0,1.0,165.985,1.0,81.3521,1.0,620.534,1.0,-9999.0,1.0,109.517,1.0,15.6824,1.0,1.01525,1.0
2015-03-24 09:00:00,31,41.0,1.0,-9999.0,1.0,-9999.0,1.0,-9999.0,1.0,-9999.0,1.0,-9999.0,1.0,12.5,1.0,-9999.0,1.0,-9999.0,1.0,-9999.0,1.0,50.107,1.0,71.0239,1.0,620.933,1.0,-9999.0,1.0,384.039,1.0,19.1946,1.0,0.870937,1.0
2015-03-24 10:00:00,31,42.0,1.0,-9999.0,1.0,-9999.0,1.0,-9999.0,1.0,-9999.0,1.0,-9999.0,1.0,31.5,1.0,-9999.0,1.0,-9999.0,1.0,-9999.0,1.0,27.9737,1.0,61.4343,1.0,620.958,1.0,-9999.0,1.0,562.783,1.0,20.8019,1.0,1.60503,1.0
2015-03-24 11:00:00,31,30.0,1.0,-9999.0,1.0,-9999.0,1.0,-9999.0,1.0,-9999.0,1.0,-9999.0,1.0,47.0,1.0,-9999.0,1.0,-9999.0,1.0,-9999.0,1.0,20.3293,1.0,53.7214,1.0,620.516,1.0,-9999.0,1.0,729.18,1.0,22.4524,1.0,1.49395,1.0
2015-03-24 12:00:00,31,35.0,1.0,-9999.0,1.0,-9999.0,1.0,-9999.0,1.0,-9999.0,1.0,-9999.0,1.0,68.3,1.0,-9999.0,1.0,-9999.0,1.0,-9999.0,1.0,355.483,1.0,49.5665,1.0,619.963,1.0,-9999.0,1.0,823.728,1.0,23.4665,1.0,1.56486,1.0
2015-03-24 13:00:00,31,25.0,1.0,-9999.0,1.0,-9999.0,1.0,-9999.0,1.0,-9999.0,1.0,-9999.0,1.0,73.1,1.0,-9999.0,1.0,-9999.0,1.0,-9999.0,1.0,351.037,1.0,45.0682,1.0,619.168,1.0,-9999.0,1.0,486.642,1.0,24.3803,1.0,1.14652,1.0
2015-03-24 14:00:00,31,36.0,1.0,-9999.0,1.0,-9999.0,1.0,-9999.0,1.0,-9999.0,1.0,-9999.0,1.0,58.0,1.0,-9999.0,1.0,-9999.0,1.0,-9999.0,1.0,120.097,1.0,53.0614,1.0,618.561,1.0,-9999.0,1.0,178.781,1.0,23.6844,1.0,1.20915,1.0
2015-03-24 15:00:00,31,27.0,1.0,-9999.0,1.0,-9999.0,1.0,-9999.0,1.0,-9999.0,1.0,-9999.0,1.0,46.7,1.0,-9999.0,1.0,-9999.0,1.0,-9999.0,1.0,21.6523,1.0,51.9221,1.0,617.853,1.0,-9999.0,1.0,262.194,1.0,23.6585,1.0,0.907586,1.0
2015-03-24 16:00:00,31,28.0,1.0,-9999.0,1.0,-9999.0,1.0,-9999.0,1.0,-9999.0,1.0,-9999.0,1.0,44.6,1.0,-9999.0,1.0,-9999.0,1.0,-9999.0,1.0,346.433,1.0,49.5033,1.0,617.556,1.0,-9999.0,1.0,149.564,1.0,23.8175,1.0,1.87454,1.0
2015-03-24 17:00:00,31,27.0,1.0,-9999.0,1.0,-9999.0,1.0,-9999.0,1.0,-9999.0,1.0,-9999.0,1.0,33.3,1.0,-9999.0,1.0,-9999.0,1.0,-9999.0,1.0,354.439,1.0,50.3321,1.0,617.349,1.0,-9999.0,1.0,86.1722,1.0,23.2233,1.0,1.86533,1.0
2015-03-24 18:00:00,31,28.0,1.0,-9999.0,1.0,-9999.0,1.0,-9999.0,1.0,-9999.0,1.0,-9999.0,1.0,28.5,1.0,-9999.0,1.0,-9999.0,1.0,-9999.0,1.0,17.4702,1.0,53.0929,1.0,617.621,1.0,-9999.0,1.0,34.4444,1.0,22.8351,1.0,1.54379,1.0
2015-03-24 19:00:00,31,38.0,1.0,-9999.0,1.0,-9999.0,1.0,-9999.0,1.0,-9999.0,1.0,-9999.0,1.0,25.2,1.0,-9999.0,1.0,-9999.0,1.0,-9999.0,1.0,347.277,1.0,63.6256,1.0,617.81,1.0,-9999.0,1.0,0.05,1.0,20.716,1.0,2.0736,1.0
2015-03-24 20:00:00,31,52.0,1.0,-9999.0,1.0,-9999.0,1.0,-9999.0,1.0,-9999.0,1.0,-9999.0,1.0,13.9,1.0,-9999.0,1.0,-9999.0,1.0,-9999.0,1.0,4.51308,1.0,69.1308,1.0,618.41,1.0,-9999.0,1.0,0.0,1.0,19.665,1.0,1.13596,1.0
2015-03-24 21:00:00,31,54.0,1.0,-9999.0,1.0,-9999.0,1.0,-9999.0,1.0,-9999.0,1.0,-9999.0,1.0,7.0,1.0,-9999.0,1.0,-9999.0,1.0,-9999.0,1.0,356.468,1.0,72.5215,1.0,619.045,1.0,-9999.0,1.0,0.0,1.0,19.1203,1.0,1.56284,1.0
2015-03-24 22:00:00,31,57.0,1.0,-9999.0,1.0,-9999.0,1.0,-9999.0,1.0,-9999.0,1.0,-9999.0,1.0,7.0,1.0,-9999.0,1.0,-9999.0,1.0,-9999.0,1.0,344.227,1.0,76.0142,1.0,619.521,1.0,-9999.0,1.0,0.0,1.0,18.5049,1.0,1.44287,1.0
2015-03-24 23:00:00,31,54.0,1.0,-9999.0,1.0,-9999.0,1.0,-9999.0,1.0,-9999.0,1.0,-9999.0,1.0,11.6,1.0,-9999.0,1.0,-9999.0,1.0,-9999.0,1.0,351.736,1.0,77.6117,1.0,619.81,1.0,-9999.0,1.0,-0.0555556,151.0,18.1676,1.0,1.65874,1.0
2015-03-25 00:00:00,31,36.0,1.0,-9999.0,1.0,-9999.0,1.0,-9999.0,1.0,-9999.0,1.0,-9999.0,1.0,13.1,1.0,-9999.0,1.0,-9999.0,1.0,-9999.0,1.0,350.673,1.0,80.8003,1.0,619.881,1.0,-9999.0,1.0,0.0,1.0,17.5803,1.0,1.73479,1.0
2015-03-25 01:00:00,31,42.0,1.0,-9999.0,1.0,-9999.0,1.0,-9999.0,1.0,-9999.0,1.0,-9999.0,1.0,8.0,1.0,-9999.0,1.0,-9999.0,1.0,-9999.0,1.0,342.624,1.0,83.6888,1.0,619.435,1.0,-9999.0,1.0,0.0,1.0,17.1389,1.0,1.94981,1.0
2015-03-25 02:00:00,31,46.0,1.0,-9999.0,1.0,-9999.0,1.0,-9999.0,1.0,-9999.0,1.0,-9999.0,1.0,11.2,1.0,-9999.0,1.0,-9999.0,1.0,-9999.0,1.0,356.082,1.0,83.7394,1.0,619.037,1.0,-9999.0,1.0,0.0,1.0,17.194,1.0,1.60359,1.0
2015-03-25 03:00:00,31,40.0,1.0,-9999.0,1.0,-9999.0,1.0,-9999.0,1.0,-9999.0,1.0,-9999.0,1.0,14.8,1.0,-9999.0,1.0,-9999.0,1.0,-9999.0,1.0,349.543,1.0,83.5693,1.0,618.797,1.0,-9999.0,1.0,0.0,1.0,16.6881,1.0,2.05368,1.0
2015-03-25 04:00:00,31,50.0,1.0,-9999.0,1.0,-9999.0,1.0,-9999.0,1.0,-9999.0,1.0,-9999.0,1.0,8.5,1.0,-9999.0,1.0,-9999.0,1.0,-9999.0,1.0,344.165,1.0,87.1543,1.0,618.75,1.0,-9999.0,1.0,0.0,1.0,15.7742,1.0,1.92168,1.0
2015-03-25 05:00:00,31,48.0,1.0,-9999.0,1.0,-9999.0,1.0,-9999.0,1.0,-9999.0,1.0,-9999.0,1.0,7.4,1.0,-9999.0,1.0,-9999.0,1.0,-9999.0,1.0,339.641,1.0,87.9544,1.0,618.92,1.0,-9999.0,1.0,0.0,1.0,15.0842,1.0,1.06328,1.0
2015-03-25 06:00:00,31,45.0,1.0,-9999.0,1.0,-9999.0,1.0,-9999.0,1.0,-9999.0,1.0,-9999.0,1.0,3.0,1.0,-9999.0,1.0,-9999.0,1.0,-9999.0,1.0,182.34,1.0,89.5311,1.0,619.112,1.0,-9999.0,1.0,0.0,1.0,13.821,1.0,0.237967,1.0
2015-03-25 07:00:00,31,52.0,1.0,-9999.0,1.0,-9999.0,1.0,-9999.0,1.0,-9999.0,1.0,-9999.0,1.0,3.1,1.0,-9999.0,1.0,-9999.0,1.0,-9999.0,1.0,159.271,1.0,88.3819,1.0,619.351,1.0,-9999.0,1.0,17.3556,1.0,13.1831,1.0,0.907224,1.0
2015-03-25 08:00:00,31,55.0,1.0,-9999.0,1.0,-9999.0,1.0,-9999.0,1.0,-9999.0,1.0,-9999.0,1.0,3.8,1.0,-9999.0,1.0,-9999.0,1.0,-9999.0,1.0,125.581,1.0,80.4842,1.0,619.809,1.0,-9999.0,1.0,153.825,1.0,15.2747,1.0,0.599841,1.0
2015-03-25 09:00:00,31,45.0,1.0,-9999.0,1.0,-9999.0,1.0,-9999.0,1.0,-9999.0,1.0,-9999.0,1.0,17.6,1.0,-9999.0,1.0,-9999.0,1.0,-9999.0,1.0,27.4376,1.0,70.416,1.0,619.879,1.0,-9999.0,1.0,374.961,1.0,18.4676,1.0,1.75752,1.0
2015-03-25 10:00:00,31,56.0,1.0,-9999.0,1.0,-9999.0,1.0,-9999.0,1.0,-9999.0,1.0,-9999.0,1.0,29.8,1.0,-9999.0,1.0,-9999.0,1.0,-9999.0,1.0,12.2921,1.0,60.9244,1.0,619.938,1.0,-9999.0,1.0,375.614,1.0,20.2586,1.0,1.99744,1.0
2015-03-25 11:00:00,31,-9964.0,151.0,-9999.0,1.0,-9999.0,1.0,-9999.0,1.0,-9999.0,1.0,-9999.0,1.0,36.0,1.0,-9999.0,1.0,-9999.0,1.0,-9999.0,1.0,6.81663,1.0,62.0081,1.0,619.797,1.0,-9999.0,1.0,402.655,1.0,20.4306,1.0,2.28594,1.0
2015-03-25 12:00:00,31,67.0,1.0,-9999.0,1.0,-9999.0,1.0,-9999.0,1.0,-9999.0,1.0,-9999.0,1.0,60.0,1.0,-9999.0,1.0,-9999.0,1.0,-9999.0,1.0,9.69025,1.0,55.6551,1.0,619.477,1.0,-9999.0,1.0,362.822,1.0,21.616,1.0,1.74874,1.0
2015-03-25 13:00:00,31,50.0,1.0,-9999.0,1.0,-9999.0,1.0,-9999.0,1.0,-9999.0,1.0,-9999.0,1.0,64.2,1.0,-9999.0,1.0,-9999.0,1.0,-9999.0,1.0,4.65286,1.0,53.9192,1.0,619.036,1.0,-9999.0,1.0,295.222,1.0,22.0406,1.0,1.18651,1.0
2015-03-25 14:00:00,31,42.0,1.0,-9999.0,1.0,-9999.0,1.0,-9999.0,1.0,-9999.0,1.0,-9999.0,1.0,73.7,1.0,-9999.0,1.0,-9999.0,1.0,-9999.0,1.0,359.143,1.0,50.7864,1.0,618.477,1.0,-9999.0,1.0,630.564,1.0,23.1525,1.0,1.1677,1.0
2015-03-25 15:00:00,31,32.0,1.0,-9999.0,1.0,-9999.0,1.0,-9999.0,1.0,-9999.0,1.0,-9999.0,1.0,78.6,1.0,-9999.0,1.0,-9999.0,1.0,-9999.0,1.0,350.688,1.0,47.6203,1.0,617.681,1.0,-9999.0,1.0,661.275,1.0,24.431,1.0,1.75067,1.0
2015-03-25 16:00:00,31,43.0,1.0,-9999.0,1.0,-9999.0,1.0,-9999.0,1.0,-9999.0,1.0,-9999.0,1.0,79.8,1.0,-9999.0,1.0,-9999.0,1.0,-9999.0,1.0,344.431,1.0,45.7674,1.0,617.108,1.0,-9999.0,1.0,451.655,1.0,25.0261,1.0,1.61481,1.0
2015-03-25 17:00:00,31,44.0,1.0,-9999.0,1.0,-9999.0,1.0,-9999.0,1.0,-9999.0,1.0,-9999.0,1.0,63.3,1.0,-9999.0,1.0,-9999.0,1.0,-9999.0,1.0,328.421,1.0,50.739,1.0,616.875,1.0,-9999.0,1.0,75.1083,1.0,23.8776,1.0,1.25944,1.0
2015-03-25 18:00:00,31,37.0,1.0,-9999.0,1.0,-9999.0,1.0,-9999.0,1.0,-9999.0,1.0,-9999.0,1.0,42.1,1.0,-9999.0,1.0,-9999.0,1.0,-9999.0,1.0,337.608,1.0,54.164,1.0,617.307,1.0,-9999.0,1.0,47.2972,1.0,22.8315,1.0,1.73426,1.0
2015-03-25 19:00:00,31,42.0,1.0,-9999.0,1.0,-9999.0,1.0,-9999.0,1.0,-9999.0,1.0,-9999.0,1.0,36.0,1.0,-9999.0,1.0,-9999.0,1.0,-9999.0,1.0,340.643,1.0,59.3461,1.0,617.783,1.0,-9999.0,1.0,0.0611111,1.0,21.1744,1.0,1.72007,1.0
2015-03-25 20:00:00,31,53.0,1.0,-9999.0,1.0,-9999.0,1.0,-9999.0,1.0,-9999.0,1.0,-9999.0,1.0,23.7,1.0,-9999.0,1.0,-9999.0,1.0,-9999.0,1.0,344.65,1.0,67.1497,1.0,618.383,1.0,-9999.0,1.0,0.0,1.0,20.0457,1.0,1.4498,1.0
2015-03-25 21:00:00,31,61.0,1.0,-9999.0,1.0,-9999.0,1.0,-9999.0,1.0,-9999.0,1.0,-9999.0,1.0,19.1,1.0,-9999.0,1.0,-9999.0,1.0,-9999.0,1.0,2.99454,1.0,72.4828,1.0,618.883,1.0,-9999.0,1.0,0.0,1.0,19.5339,1.0,1.1276,1.0
2015-03-25 22:00:00,31,53.0,1.0,-9999.0,1.0,-9999.0,1.0,-9999.0,1.0,-9999.0,1.0,-9999.0,1.0,16.3,1.0,-9999.0,1.0,-9999.0,1.0,-9999.0,1.0,349.554,1.0,75.3142,1.0,619.49,1.0,-9999.0,1.0,-0.0555556,151.0,19.1701,1.0,1.63138,1.0
2015-03-25 23:00:00,31,57.0,1.0,-9999.0,1.0,-9999.0,1.0,-9999.0,1.0,-9999.0,1.0,-9999.0,1.0,14.0,1.0,-9999.0,1.0,-9999.0,1.0,-9999.0,1.0,3.65444,1.0,77.7217,1.0,619.499,1.0,-9999.0,1.0,0.0,1.0,18.8096,1.0,1.74434,1.0
2015-03-26 00:00:00,31,47.0,1.0,-9999.0,1.0,-9999.0,1.0,-9999.0,1.0,-9999.0,1.0,-9999.0,1.0,12.7,1.0,-9999.0,1.0,-9999.0,1.0,-9999.0,1.0,356.676,1.0,80.3611,1.0,619.392,1.0,-9999.0,1.0,0.0,1.0,18.2535,1.0,1.73952,1.0
2015-03-26 01:00:00,31,52.0,1.0,-9999.0,1.0,-9999.0,1.0,-9999.0,1.0,-9999.0,1.0,-9999.0,1.0,10.8,1.0,-9999.0,1.0,-9999.0,1.0,-9999.0,1.0,350.346,1.0,81.4924,1.0,618.931,1.0,-9999.0,1.0,0.0,1.0,17.8789,1.0,1.8252,1.0
2015-03-26 02:00:00,31,62.0,1.0,-9999.0,1.0,-9999.0,1.0,-9999.0,1.0,-9999.0,1.0,-9999.0,1.0,10.8,1.0,-9999.0,1.0,-9999.0,1.0,-9999.0,1.0,340.183,1.0,82.9039,1.0,618.651,1.0,-9999.0,1.0,0.0,1.0,17.3682,1.0,1.48715,1.0
2015-03-26 03:00:00,31,59.0,1.0,-9999.0,1.0,-9999.0,1.0,-9999.0,1.0,-9999.0,1.0,-9999.0,1.0,10.3,1.0,-9999.0,1.0,-9999.0,1.0,-9999.0,1.0,345.367,1.0,82.8633,1.0,618.375,1.0,-9999.0,1.0,0.0,1.0,17.116,1.0,1.50213,1.0
2015-03-26 04:00:00,31,56.0,1.0,-9999.0,1.0,-9999.0,1.0,-9999.0,1.0,-9999.0,1.0,-9999.0,1.0,8.9,1.0,-9999.0,1.0,-9999.0,1.0,-9999.0,1.0,344.466,1.0,85.4301,1.0,618.116,1.0,-9999.0,1.0,0.0,1.0,16.6206,1.0,2.05838,1.0
2015-03-26 05:00:00,31,58.0,1.0,-9999.0,1.0,-9999.0,1.0,-9999.0,1.0,-9999.0,1.0,-9999.0,1.0,4.9,1.0,-9999.0,1.0,-9999.0,1.0,-9999.0,1.0,345.642,1.0,87.0657,1.0,618.253,1.0,-9999.0,1.0,0.0,1.0,16.0596,1.0,1.53118,1.0
2015-03-26 06:00:00,31,51.0,1.0,-9999.0,1.0,-9999.0,1.0,-9999.0,1.0,-9999.0,1.0,-9999.0,1.0,3.0,1.0,-9999.0,1.0,-9999.0,1.0,-9999.0,1.0,3.35128,1.0,87.8603,1.0,618.598,1.0,-9999.0,1.0,-0.0555556,151.0,15.465,1.0,0.398608,1.0
2015-03-26 07:00:00,31,63.0,1.0,-9999.0,1.0,-9999.0,1.0,-9999.0,1.0,-9999.0,1.0,-9999.0,1.0,3.0,1.0,-9999.0,1.0,-9999.0,1.0,-9999.0,1.0,171.523,1.0,87.4525,1.0,618.857,1.0,-9999.0,1.0,13.6889,1.0,14.9953,1.0,0.619242,1.0
2015-03-26 08:00:00,31,48.0,1.0,-9999.0,1.0,-9999.0,1.0,-9999.0,1.0,-9999.0,1.0,-9999.0,1.0,5.8,1.0,-9999.0,1.0,-9999.0,1.0,-9999.0,1.0,148.451,1.0,81.3674,1.0,619.366,1.0,-9999.0,1.0,148.019,1.0,16.1583,1.0,1.17111,1.0
2015-03-26 09:00:00,31,50.0,1.0,-9999.0,1.0,-9999.0,1.0,-9999.0,1.0,-9999.0,1.0,-9999.0,1.0,18.7,1.0,-9999.0,1.0,-9999.0,1.0,-9999.0,1.0,39.2496,1.0,69.3615,1.0,619.5,1.0,-9999.0,1.0,375.356,1.0,19.3497,1.0,1.118,1.0
2015-03-26 10:00:00,31,60.0,1.0,-9999.0,1.0,-9999.0,1.0,-9999.0,1.0,-9999.0,1.0,-9999.0,1.0,35.5,1.0,-9999.0,1.0,-9999.0,1.0,-9999.0,1.0,30.8781,1.0,61.4497,1.0,619.501,1.0,-9999.0,1.0,360.625,1.0,20.8804,1.0,1.35624,1.0
2015-03-26 11:00:00,31,65.0,1.0,-9999.0,1.0,-9999.0,1.0,-9999.0,1.0,-9999.0,1.0,-9999.0,1.0,50.7,1.0,-9999.0,1.0,-9999.0,1.0,-9999.0,1.0,9.39586,1.0,58.0994,1.0,619.5,1.0,-9999.0,1.0,247.789,1.0,21.3008,1.0,0.863627,1.0
2015-03-26 12:00:00,31,51.0,1.0,-9999.0,1.0,-9999.0,1.0,-9999.0,1.0,-9999.0,1.0,-9999.0,1.0,71.7,1.0,-9999.0,1.0,-9999.0,1.0,-9999.0,1.0,40.5991,1.0,52.4863,1.0,618.948,1.0,-9999.0,1.0,525.022,1.0,23.0217,1.0,0.800051,1.0
2015-03-26 13:00:00,31,35.0,1.0,-9999.0,1.0,-9999.0,1.0,-9999.0,1.0,-9999.0,1.0,-9999.0,1.0,65.2,1.0,-9999.0,1.0,-9999.0,1.0,-9999.0,1.0,175.905,1.0,54.8003,1.0,618.188,1.0,-9999.0,1.0,513.738,1.0,23.5447,1.0,1.35836,1.0
2015-03-26 14:00:00,31,34.0,1.0,-9999.0,1.0,-9999.0,1.0,-9999.0,1.0,-9999.0,1.0,-9999.0,1.0,57.9,1.0,-9999.0,1.0,-9999.0,1.0,-9999.0,1.0,197.805,1.0,51.674,1.0,617.507,1.0,-9999.0,1.0,643.461,1.0,24.6326,1.0,1.37978,1.0
2015-03-26 15:00:00,31,30.0,1.0,-9999.0,1.0,-9999.0,1.0,-9999.0,1.0,-9999.0,1.0,-9999.0,1.0,57.1,1.0,-9999.0,1.0,-9999.0,1.0,-9999.0,1.0,169.089,1.0,50.1242,1.0,616.737,1.0,-9999.0,1.0,402.356,1.0,24.9457,1.0,2.12614,1.0
2015-03-26 16:00:00,31,35.0,1.0,-9999.0,1.0,-9999.0,1.0,-9999.0,1.0,-9999.0,1.0,-9999.0,1.0,49.5,1.0,-9999.0,1.0,-9999.0,1.0,-9999.0,1.0,165.635,1.0,50.259,1.0,616.277,1.0,-9999.0,1.0,445.189,1.0,24.3276,1.0,2.40993,1.0
2015-03-26 17:00:00,31,39.0,1.0,-9999.0,1.0,-9999.0,1.0,-9999.0,1.0,-9999.0,1.0,-9999.0,1.0,62.6,1.0,-9999.0,1.0,-9999.0,1.0,-9999.0,1.0,333.04,1.0,47.2833,1.0,616.125,1.0,-9999.0,1.0,213.239,1.0,25.0357,1.0,1.62372,1.0
2015-03-26 18:00:00,31,30.0,1.0,-9999.0,1.0,-9999.0,1.0,-9999.0,1.0,-9999.0,1.0,-9999.0,1.0,42.0,1.0,-9999.0,1.0,-9999.0,1.0,-9999.0,1.0,342.859,1.0,53.794,1.0,616.246,1.0,-9999.0,1.0,46.4528,1.0,23.3953,1.0,2.06274,1.0
2015-03-26 19:00:00,31,39.0,1.0,-9999.0,1.0,-9999.0,1.0,-9999.0,1.0,-9999.0,1.0,-9999.0,1.0,32.9,1.0,-9999.0,1.0,-9999.0,1.0,-9999.0,1.0,346.217,1.0,59.4819,1.0,616.897,1.0,-9999.0,1.0,3.71667,1.0,22.1222,1.0,2.11303,1.0
2015-03-26 20:00:00,31,43.0,1.0,-9999.0,1.0,-9999.0,1.0,-9999.0,1.0,-9999.0,1.0,-9999.0,1.0,34.9,1.0,-9999.0,1.0,-9999.0,1.0,-9999.0,1.0,334.604,1.0,65.1408,1.0,617.442,1.0,-9999.0,1.0,0.0,1.0,21.1867,1.0,3.21951,1.0
2015-03-26 21:00:00,31,39.0,1.0,-9999.0,1.0,-9999.0,1.0,-9999.0,1.0,-9999.0,1.0,-9999.0,1.0,28.1,1.0,-9999.0,1.0,-9999.0,1.0,-9999.0,1.0,345.923,1.0,70.7076,1.0,617.9,1.0,-9999.0,1.0,-0.0555556,151.0,20.3435,1.0,1.76697,1.0
2015-03-26 22:00:00,31,59.0,1.0,-9999.0,1.0,-9999.0,1.0,-9999.0,1.0,-9999.0,1.0,-9999.0,1.0,12.0,1.0,-9999.0,1.0,-9999.0,1.0,-9999.0,1.0,353.992,1.0,76.1762,1.0,618.426,1.0,-9999.0,1.0,0.0,1.0,19.3392,1.0,1.49663,1.0
2015-03-26 23:00:00,31,58.0,1.0,-9999.0,1.0,-9999.0,1.0,-9999.0,1.0,-9999.0,1.0,-9999.0,1.0,13.5,1.0,-9999.0,1.0,-9999.0,1.0,-9999.0,1.0,343.7,1.0,80.0683,1.0,618.743,1.0,-9999.0,1.0,0.0,1.0,18.544,1.0,1.37546,1.0
2015-03-27 00:00:00,31,52.0,1.0,-9999.0,1.0,-9999.0,1.0,-9999.0,1.0,-9999.0,1.0,-9999.0,1.0,12.2,1.0,-9999.0,1.0,-9999.0,1.0,-9999.0,1.0,334.852,1.0,81.7756,1.0,618.794,1.0,-9999.0,1.0,0.0,1.0,18.0447,1.0,1.04058,1.0
2015-03-27 01:00:00,31,55.0,1.0,-9999.0,1.0,-9999.0,1.0,-9999.0,1.0,-9999.0,1.0,-9999.0,1.0,5.5,1.0,-9999.0,1.0,-9999.0,1.0,-9999.0,1.0,103.468,1.0,82.6885,1.0,618.515,1.0,-9999.0,1.0,0.0,1.0,17.3171,1.0,0.349304,1.0
2015-03-27 02:00:00,31,48.0,1.0,-9999.0,1.0,-9999.0,1.0,-9999.0,1.0,-9999.0,1.0,-9999.0,1.0,3.0,1.0,-9999.0,1.0,-9999.0,1.0,-9999.0,1.0,187.204,1.0,84.2015,1.0,618.17,1.0,-9999.0,1.0,0.0,1.0,16.3001,1.0,0.33731,1.0
2015-03-27 03:00:00,31,57.0,1.0,-9999.0,1.0,-9999.0,1.0,-9999.0,1.0,-9999.0,1.0,-9999.0,1.0,7.2,1.0,-9999.0,1.0,-9999.0,1.0,-9999.0,1.0,347.544,1.0,85.4724,1.0,617.701,1.0,-9999.0,1.0,0.0,1.0,16.8994,1.0,0.552607,1.0
2015-03-27 04:00:00,31,54.0,1.0,-9999.0,1.0,-9999.0,1.0,-9999.0,1.0,-9999.0,1.0,-9999.0,1.0,6.7,1.0,-9999.0,1.0,-9999.0,1.0,-9999.0,1.0,95.5819,1.0,84.5089,1.0,617.804,1.0,-9999.0,1.0,0.0,1.0,17.0815,1.0,0.0492962,1.0
2015-03-27 05:00:00,31,46.0,1.0,-9999.0,1.0,-9999.0,1.0,-9999.0,1.0,-9999.0,1.0,-9999.0,1.0,3.1,1.0,-9999.0,1.0,-9999.0,1.0,-9999.0,1.0,137.571,1.0,84.0467,1.0,617.987,1.0,-9999.0,1.0,0.0,1.0,16.4831,1.0,0.394889,1.0
2015-03-27 06:00:00,31,66.0,1.0,-9999.0,1.0,-9999.0,1.0,-9999.0,1.0,-9999.0,1.0,-9999.0,1.0,3.1,1.0,-9999.0,1.0,-9999.0,1.0,-9999.0,1.0,107.793,1.0,83.8974,1.0,618.191,1.0,-9999.0,1.0,0.0,1.0,16.8638,1.0,0.153571,1.0
2015-03-27 07:00:00,31,84.0,1.0,-9999.0,1.0,-9999.0,1.0,-9999.0,1.0,-9999.0,1.0,-9999.0,1.0,3.2,1.0,-9999.0,1.0,-9999.0,1.0,-9999.0,1.0,131.971,1.0,83.7279,1.0,618.608,1.0,-9999.0,1.0,19.5306,1.0,17.069,1.0,0.428764,1.0
2015-03-27 08:00:00,31,72.0,1.0,-9999.0,1.0,-9999.0,1.0,-9999.0,1.0,-9999.0,1.0,-9999.0,1.0,11.4,1.0,-9999.0,1.0,-9999.0,1.0,-9999.0,1.0,20.3098,1.0,76.3667,1.0,618.951,1.0,-9999.0,1.0,116.425,1.0,18.9028,1.0,1.22415,1.0
2015-03-27 09:00:00,31,73.0,1.0,-9999.0,1.0,-9999.0,1.0,-9999.0,1.0,-9999.0,1.0,-9999.0,1.0,26.0,1.0,-9999.0,1.0,-9999.0,1.0,-9999.0,1.0,22.1761,1.0,68.7533,1.0,619.349,1.0,-9999.0,1.0,309.558,1.0,20.3426,1.0,1.7362,1.0
2015-03-27 10:00:00,31,-9964.0,151.0,-9999.0,1.0,-9999.0,1.0,-9999.0,1.0,-9999.0,1.0,-9999.0,1.0,-9996.0,151.0,-9999.0,1.0,-9999.0,1.0,-9999.0,1.0,32.1236,1.0,59.5322,1.0,619.499,1.0,-9999.0,1.0,475.786,1.0,22.1667,1.0,1.50022,1.0
2015-03-27 11:00:00,31,72.0,1.0,-9999.0,1.0,-9999.0,1.0,-9999.0,1.0,-9999.0,1.0,-9999.0,1.0,-9996.0,151.0,-9999.0,1.0,-9999.0,1.0,-9999.0,1.0,26.0771,1.0,59.2699,1.0,619.204,1.0,-9999.0,1.0,298.989,1.0,22.236,1.0,1.44918,1.0
2015-03-27 12:00:00,31,72.0,1.0,-9999.0,1.0,-9999.0,1.0,-9999.0,1.0,-9999.0,1.0,-9999.0,1.0,70.7,1.0,-9999.0,1.0,-9999.0,1.0,-9999.0,1.0,2.73834,1.0,53.4217,1.0,618.666,1.0,-9999.0,1.0,447.114,1.0,23.6296,1.0,1.49249,1.0
2015-03-27 13:00:00,31,57.0,1.0,-9999.0,1.0,-9999.0,1.0,-9999.0,1.0,-9999.0,1.0,-9999.0,1.0,70.3,1.0,-9999.0,1.0,-9999.0,1.0,-9999.0,1.0,347.347,1.0,50.9831,1.0,618.072,1.0,-9999.0,1.0,381.542,1.0,23.8512,1.0,1.14553,1.0
2015-03-27 14:00:00,31,39.0,1.0,-9999.0,1.0,-9999.0,1.0,-9999.0,1.0,-9999.0,1.0,-9999.0,1.0,83.5,1.0,-9999.0,1.0,-9999.0,1.0,-9999.0,1.0,340.021,1.0,45.9836,1.0,617.331,1.0,-9999.0,1.0,461.631,1.0,25.2654,1.0,1.16621,1.0
2015-03-27 15:00:00,31,40.0,1.0,-9999.0,1.0,-9999.0,1.0,-9999.0,1.0,-9999.0,1.0,-9999.0,1.0,59.6,1.0,-9999.0,1.0,-9999.0,1.0,-9999.0,1.0,348.356,1.0,44.7331,1.0,616.677,1.0,-9999.0,1.0,272.689,1.0,25.0617,1.0,2.14051,1.0
2015-03-27 16:00:00,31,22.0,1.0,-9999.0,1.0,-9999.0,1.0,-9999.0,1.0,-9999.0,1.0,-9999.0,1.0,39.5,1.0,-9999.0,1.0,-9999.0,1.0,-9999.0,1.0,0.80307,1.0,42.0574,1.0,616.5,1.0,-9999.0,1.0,219.336,1.0,25.1901,1.0,1.68031,1.0
2015-03-27 17:00:00,31,16.0,1.0,-9999.0,1.0,-9999.0,1.0,-9999.0,1.0,-9999.0,1.0,-9999.0,1.0,44.8,1.0,-9999.0,1.0,-9999.0,1.0,-9999.0,1.0,358.874,1.0,41.3826,1.0,616.223,1.0,-9999.0,1.0,246.544,1.0,25.2683,1.0,2.08386,1.0
2015-03-27 18:00:00,31,33.0,1.0,-9999.0,1.0,-9999.0,1.0,-9999.0,1.0,-9999.0,1.0,-9999.0,1.0,48.3,1.0,-9999.0,1.0,-9999.0,1.0,-9999.0,1.0,16.2967,1.0,45.5858,1.0,616.462,1.0,-9999.0,1.0,57.6694,1.0,24.2504,1.0,1.75796,1.0
2015-03-27 19:00:00,31,49.0,1.0,-9999.0,1.0,-9999.0,1.0,-9999.0,1.0,-9999.0,1.0,-9999.0,1.0,38.2,1.0,-9999.0,1.0,-9999.0,1.0,-9999.0,1.0,349.985,1.0,53.7764,1.0,617.003,1.0,-9999.0,1.0,0.0611111,1.0,22.0403,1.0,1.71803,1.0
2015-03-27 20:00:00,31,76.0,1.0,-9999.0,1.0,-9999.0,1.0,-9999.0,1.0,-9999.0,1.0,-9999.0,1.0,10.5,1.0,-9999.0,1.0,-9999.0,1.0,-9999.0,1.0,350.495,1.0,62.3818,1.0,617.72,1.0,-9999.0,1.0,0.0,1.0,20.5992,1.0,1.60668,1.0
2015-03-27 21:00:00,31,104.0,1.0,-9999.0,1.0,-9999.0,1.0,-9999.0,1.0,-9999.0,1.0,-9999.0,1.0,12.6,1.0,-9999.0,1.0,-9999.0,1.0,-9999.0,1.0,346.651,1.0,69.7924,1.0,618.476,1.0,-9999.0,1.0,0.0,1.0,19.6757,1.0,1.60339,1.0
2015-03-27 22:00:00,31,91.0,1.0,-9999.0,1.0,-9999.0,1.0,-9999.0,1.0,-9999.0,1.0,-9999.0,1.0,10.7,1.0,-9999.0,1.0,-9999.0,1.0,-9999.0,1.0,355.025,1.0,75.0163,1.0,619.132,1.0,-9999.0,1.0,0.0,1.0,19.4542,1.0,1.51324,1.0
2015-03-27 23:00:00,31,108.0,1.0,-9999.0,1.0,-9999.0,1.0,-9999.0,1.0,-9999.0,1.0,-9999.0,1.0,7.4,1.0,-9999.0,1.0,-9999.0,1.0,-9999.0,1.0,338.79,1.0,79.9507,1.0,619.499,1.0,-9999.0,1.0,0.0,1.0,18.8736,1.0,1.35036,1.0
2015-03-28 00:00:00,31,94.0,1.0,-9999.0,1.0,-9999.0,1.0,-9999.0,1.0,-9999.0,1.0,-9999.0,1.0,11.8,1.0,-9999.0,1.0,-9999.0,1.0,-9999.0,1.0,340.026,1.0,80.8974,1.0,619.469,1.0,-9999.0,1.0,-0.0555556,151.0,18.4226,1.0,1.96243,1.0
2015-03-28 01:00:00,31,103.0,1.0,-9999.0,1.0,-9999.0,1.0,-9999.0,1.0,-9999.0,1.0,-9999.0,1.0,9.4,1.0,-9999.0,1.0,-9999.0,1.0,-9999.0,1.0,353.034,1.0,81.291,1.0,619.097,1.0,-9999.0,1.0,-0.0555556,151.0,18.2918,1.0,1.16831,1.0
2015-03-28 02:00:00,31,106.0,1.0,-9999.0,1.0,-9999.0,1.0,-9999.0,1.0,-9999.0,1.0,-9999.0,1.0,10.3,1.0,-9999.0,1.0,-9999.0,1.0,-9999.0,1.0,342.821,1.0,84.7696,1.0,618.715,1.0,-9999.0,1.0,0.0,1.0,18.1936,1.0,2.22381,1.0
2015-03-28 03:00:00,31,90.0,1.0,-9999.0,1.0,-9999.0,1.0,-9999.0,1.0,-9999.0,1.0,-9999.0,1.0,6.2,1.0,-9999.0,1.0,-9999.0,1.0,-9999.0,1.0,358.486,1.0,85.7842,1.0,618.362,1.0,-9999.0,1.0,0.0,1.0,17.4515,1.0,0.726777,1.0
2015-03-28 04:00:00,31,75.0,1.0,-9999.0,1.0,-9999.0,1.0,-9999.0,1.0,-9999.0,1.0,-9999.0,1.0,3.3,1.0,-9999.0,1.0,-9999.0,1.0,-9999.0,1.0,167.6,1.0,86.5586,1.0,618.327,1.0,-9999.0,1.0,0.0,1.0,16.2404,1.0,0.542807,1.0
2015-03-28 05:00:00,31,67.0,1.0,-9999.0,1.0,-9999.0,1.0,-9999.0,1.0,-9999.0,1.0,-9999.0,1.0,2.9,1.0,-9999.0,1.0,-9999.0,1.0,-9999.0,1.0,157.229,1.0,87.6281,1.0,618.637,1.0,-9999.0,1.0,-0.0555556,151.0,15.3518,1.0,0.267768,1.0
2015-03-28 06:00:00,31,75.0,1.0,-9999.0,1.0,-9999.0,1.0,-9999.0,1.0,-9999.0,1.0,-9999.0,1.0,3.0,1.0,-9999.0,1.0,-9999.0,1.0,-9999.0,1.0,154.688,1.0,87.925,1.0,618.842,1.0,-9999.0,1.0,0.0,1.0,14.9951,1.0,0.570394,1.0
2015-03-28 07:00:00,31,58.0,1.0,-9999.0,1.0,-9999.0,1.0,-9999.0,1.0,-9999.0,1.0,-9999.0,1.0,3.0,1.0,-9999.0,1.0,-9999.0,1.0,-9999.0,1.0,162.434,1.0,86.6583,1.0,619.293,1.0,-9999.0,1.0,19.6111,1.0,15.2947,1.0,0.678929,1.0
2015-03-28 08:00:00,31,76.0,1.0,-9999.0,1.0,-9999.0,1.0,-9999.0,1.0,-9999.0,1.0,-9999.0,1.0,4.9,1.0,-9999.0,1.0,-9999.0,1.0,-9999.0,1.0,164.239,1.0,81.4365,1.0,619.779,1.0,-9999.0,1.0,104.947,1.0,17.0076,1.0,0.596404,1.0
2015-03-28 09:00:00,31,67.0,1.0,-9999.0,1.0,-9999.0,1.0,-9999.0,1.0,-9999.0,1.0,-9999.0,1.0,20.3,1.0,-9999.0,1.0,-9999.0,1.0,-9999.0,1.0,16.7177,1.0,71.7253,1.0,619.987,1.0,-9999.0,1.0,296.647,1.0,20.2025,1.0,1.61599,1.0
2015-03-28 10:00:00,31,63.0,1.0,-9999.0,1.0,-9999.0,1.0,-9999.0,1.0,-9999.0,1.0,-9999.0,1.0,35.4,1.0,-9999.0,1.0,-9999.0,1.0,-9999.0,1.0,25.3144,1.0,65.6999,1.0,620.127,1.0,-9999.0,1.0,333.8,1.0,21.4936,1.0,1.48823,1.0
2015-03-28 11:00:00,31,42.0,1.0,-9999.0,1.0,-9999.0,1.0,-9999.0,1.0,-9999.0,1.0,-9999.0,1.0,53.3,1.0,-9999.0,1.0,-9999.0,1.0,-9999.0,1.0,65.3645,1.0,56.2803,1.0,619.875,1.0,-9999.0,1.0,358.604,1.0,23.0716,1.0,0.911927,1.0
2015-03-28 12:00:00,31,51.0,1.0,-9999.0,1.0,-9999.0,1.0,-9999.0,1.0,-9999.0,1.0,-9999.0,1.0,55.1,1.0,-9999.0,1.0,-9999.0,1.0,-9999.0,1.0,231.831,1.0,58.9983,1.0,619.523,1.0,-9999.0,1.0,351.1,1.0,23.3165,1.0,0.491317,1.0
2015-03-28 13:00:00,31,35.0,1.0,-9999.0,1.0,-9999.0,1.0,-9999.0,1.0,-9999.0,1.0,-9999.0,1.0,52.0,1.0,-9999.0,1.0,-9999.0,1.0,-9999.0,1.0,226.991,1.0,56.1065,1.0,618.759,1.0,-9999.0,1.0,384.836,1.0,24.0601,1.0,0.521317,1.0
2015-03-28 14:00:00,31,45.0,1.0,-9999.0,1.0,-9999.0,1.0,-9999.0,1.0,-9999.0,1.0,-9999.0,1.0,46.8,1.0,-9999.0,1.0,-9999.0,1.0,-9999.0,1.0,195.076,1.0,58.4451,1.0,617.933,1.0,-9999.0,1.0,243.764,1.0,24.0115,1.0,1.29348,1.0
2015-03-28 15:00:00,31,57.0,1.0,-9999.0,1.0,-9999.0,1.0,-9999.0,1.0,-9999.0,1.0,-9999.0,1.0,37.7,1.0,-9999.0,1.0,-9999.0,1.0,-9999.0,1.0,246.247,1.0,69.9651,1.0,617.373,1.0,-9999.0,1.0,53.0028,1.0,21.7374,1.0,1.15371,1.0
2015-03-28 16:00:00,31,58.0,1.0,-9999.0,1.0,-9999.0,1.0,-9999.0,1.0,-9999.0,1.0,-9999.0,1.0,21.6,1.0,-9999.0,1.0,-9999.0,1.0,-9999.0,1.0,233.711,1.0,81.0519,1.0,617.236,1.0,-9999.0,1.0,88.9861,1.0,19.659,1.0,0.45123,1.0
2015-03-28 17:00:00,31,40.0,1.0,-9999.0,1.0,-9999.0,1.0,-9999.0,1.0,-9999.0,1.0,-9999.0,1.0,27.4,1.0,-9999.0,1.0,-9999.0,1.0,-9999.0,1.0,98.7241,1.0,84.9,1.0,617.641,1.0,-9999.0,1.0,2.18056,1.0,17.0893,1.0,0.688591,1.0
2015-03-28 18:00:00,31,23.0,1.0,-9999.0,1.0,-9999.0,1.0,-9999.0,1.0,-9999.0,1.0,-9999.0,1.0,20.0,1.0,-9999.0,1.0,-9999.0,1.0,-9999.0,1.0,215.624,1.0,85.5886,1.0,617.775,1.0,-9999.0,1.0,7.87222,1.0,16.2199,1.0,0.707162,1.0
2015-03-28 19:00:00,31,37.0,1.0,-9999.0,1.0,-9999.0,1.0,-9999.0,1.0,-9999.0,1.0,-9999.0,1.0,10.7,1.0,-9999.0,1.0,-9999.0,1.0,-9999.0,1.0,209.474,1.0,88.9092,1.0,618.302,1.0,-9999.0,1.0,0.0,1.0,16.11,1.0,0.542851,1.0
2015-03-28 20:00:00,31,41.0,1.0,-9999.0,1.0,-9999.0,1.0,-9999.0,1.0,-9999.0,1.0,-9999.0,1.0,3.2,1.0,-9999.0,1.0,-9999.0,1.0,-9999.0,1.0,166.897,1.0,90.1443,1.0,618.861,1.0,-9999.0,1.0,0.0,1.0,16.1861,1.0,0.748312,1.0
2015-03-28 21:00:00,31,34.0,1.0,-9999.0,1.0,-9999.0,1.0,-9999.0,1.0,-9999.0,1.0,-9999.0,1.0,3.0,1.0,-9999.0,1.0,-9999.0,1.0,-9999.0,1.0,178.622,1.0,90.1739,1.0,619.584,1.0,-9999.0,1.0,0.0,1.0,16.3896,1.0,0.847986,1.0
2015-03-28 22:00:00,31,48.0,1.0,-9999.0,1.0,-9999.0,1.0,-9999.0,1.0,-9999.0,1.0,-9999.0,1.0,3.1,1.0,-9999.0,1.0,-9999.0,1.0,-9999.0,1.0,175.175,1.0,90.1888,1.0,620.143,1.0,-9999.0,1.0,0.0,1.0,16.5757,1.0,1.14339,1.0
2015-03-28 23:00:00,31,16.0,1.0,-9999.0,1.0,-9999.0,1.0,-9999.0,1.0,-9999.0,1.0,-9999.0,1.0,11.8,1.0,-9999.0,1.0,-9999.0,1.0,-9999.0,1.0,218.399,1.0,87.1926,1.0,620.306,1.0,-9999.0,1.0,0.0,1.0,16.1811,1.0,0.795684,1.0
2015-03-29 00:00:00,31,17.0,1.0,-9999.0,1.0,-9999.0,1.0,-9999.0,1.0,-9999.0,1.0,-9999.0,1.0,10.8,1.0,-9999.0,1.0,-9999.0,1.0,-9999.0,1.0,173.177,1.0,89.7128,1.0,620.172,1.0,-9999.0,1.0,0.0,1.0,15.6706,1.0,1.38769,1.0
2015-03-29 01:00:00,31,6.0,1.0,-9999.0,1.0,-9999.0,1.0,-9999.0,1.0,-9999.0,1.0,-9999.0,1.0,8.8,1.0,-9999.0,1.0,-9999.0,1.0,-9999.0,1.0,195.214,1.0,90.2054,1.0,619.806,1.0,-9999.0,1.0,-0.0555556,151.0,15.4907,1.0,0.718961,1.0
2015-03-29 02:00:00,31,5.0,1.0,-9999.0,1.0,-9999.0,1.0,-9999.0,1.0,-9999.0,1.0,-9999.0,1.0,5.3,1.0,-9999.0,1.0,-9999.0,1.0,-9999.0,1.0,173.518,1.0,91.2279,1.0,619.451,1.0,-9999.0,1.0,0.0,1.0,15.3021,1.0,1.03988,1.0
2015-03-29 03:00:00,31,10.0,1.0,-9999.0,1.0,-9999.0,1.0,-9999.0,1.0,-9999.0,1.0,-9999.0,1.0,3.6,1.0,-9999.0,1.0,-9999.0,1.0,-9999.0,1.0,205.457,1.0,91.2838,1.0,619.114,1.0,-9999.0,1.0,-0.0555556,151.0,15.2283,1.0,1.14983,1.0
2015-03-29 04:00:00,31,12.0,1.0,-9999.0,1.0,-9999.0,1.0,-9999.0,1.0,-9999.0,1.0,-9999.0,1.0,3.3,1.0,-9999.0,1.0,-9999.0,1.0,-9999.0,1.0,176.586,1.0,91.3574,1.0,619.108,1.0,-9999.0,1.0,0.0,1.0,15.3078,1.0,0.882317,1.0
2015-03-29 05:00:00,31,11.0,1.0,-9999.0,1.0,-9999.0,1.0,-9999.0,1.0,-9999.0,1.0,-9999.0,1.0,3.5,1.0,-9999.0,1.0,-9999.0,1.0,-9999.0,1.0,169.508,1.0,91.6913,1.0,619.141,1.0,-9999.0,1.0,0.0,1.0,15.2144,1.0,1.21128,1.0
2015-03-29 06:00:00,31,18.0,1.0,-9999.0,1.0,-9999.0,1.0,-9999.0,1.0,-9999.0,1.0,-9999.0,1.0,2.9,1.0,-9999.0,1.0,-9999.0,1.0,-9999.0,1.0,184.704,1.0,91.7849,1.0,619.472,1.0,-9999.0,1.0,0.0,1.0,15.2503,1.0,1.52277,1.0
2015-03-29 07:00:00,31,28.0,1.0,-9999.0,1.0,-9999.0,1.0,-9999.0,1.0,-9999.0,1.0,-9999.0,1.0,3.0,1.0,-9999.0,1.0,-9999.0,1.0,-9999.0,1.0,189.439,1.0,91.5061,1.0,619.883,1.0,-9999.0,1.0,1.125,1.0,15.4374,1.0,1.10433,1.0
2015-03-29 08:00:00,31,29.0,1.0,-9999.0,1.0,-9999.0,1.0,-9999.0,1.0,-9999.0,1.0,-9999.0,1.0,4.0,1.0,-9999.0,1.0,-9999.0,1.0,-9999.0,1.0,179.79,1.0,89.6276,1.0,620.259,1.0,-9999.0,1.0,78.4417,1.0,16.2118,1.0,0.84799,1.0
2015-03-29 09:00:00,31,23.0,1.0,-9999.0,1.0,-9999.0,1.0,-9999.0,1.0,-9999.0,1.0,-9999.0,1.0,13.6,1.0,-9999.0,1.0,-9999.0,1.0,-9999.0,1.0,160.819,1.0,81.0739,1.0,620.638,1.0,-9999.0,1.0,213.706,1.0,18.186,1.0,0.622361,1.0
2015-03-29 10:00:00,31,28.0,1.0,-9999.0,1.0,-9999.0,1.0,-9999.0,1.0,-9999.0,1.0,-9999.0,1.0,20.9,1.0,-9999.0,1.0,-9999.0,1.0,-9999.0,1.0,10.0268,1.0,74.8039,1.0,620.799,1.0,-9999.0,1.0,357.858,1.0,19.6267,1.0,1.36555,1.0
2015-03-29 11:00:00,31,47.0,1.0,-9999.0,1.0,-9999.0,1.0,-9999.0,1.0,-9999.0,1.0,-9999.0,1.0,28.5,1.0,-9999.0,1.0,-9999.0,1.0,-9999.0,1.0,20.3537,1.0,71.1011,1.0,620.573,1.0,-9999.0,1.0,538.697,1.0,20.6401,1.0,1.70837,1.0
2015-03-29 12:00:00,31,19.0,1.0,-9999.0,1.0,-9999.0,1.0,-9999.0,1.0,-9999.0,1.0,-9999.0,1.0,42.0,1.0,-9999.0,1.0,-9999.0,1.0,-9999.0,1.0,342.745,1.0,61.0818,1.0,620.11,1.0,-9999.0,1.0,385.206,1.0,21.9006,1.0,0.739674,1.0
2015-03-29 13:00:00,31,8.0,1.0,-9999.0,1.0,-9999.0,1.0,-9999.0,1.0,-9999.0,1.0,-9999.0,1.0,33.3,1.0,-9999.0,1.0,-9999.0,1.0,-9999.0,1.0,191.366,1.0,67.1222,1.0,619.381,1.0,-9999.0,1.0,455.131,1.0,21.9539,1.0,1.87429,1.0
2015-03-29 14:00:00,31,20.0,1.0,-9999.0,1.0,-9999.0,1.0,-9999.0,1.0,-9999.0,1.0,-9999.0,1.0,37.9,1.0,-9999.0,1.0,-9999.0,1.0,-9999.0,1.0,166.214,1.0,66.7129,1.0,618.592,1.0,-9999.0,1.0,516.155,1.0,21.9248,1.0,3.15743,1.0
2015-03-29 15:00:00,31,19.0,1.0,-9999.0,1.0,-9999.0,1.0,-9999.0,1.0,-9999.0,1.0,-9999.0,1.0,37.9,1.0,-9999.0,1.0,-9999.0,1.0,-9999.0,1.0,148.89,1.0,68.1783,1.0,617.883,1.0,-9999.0,1.0,393.697,1.0,21.5588,1.0,3.31944,1.0
2015-03-29 16:00:00,31,45.0,1.0,-9999.0,1.0,-9999.0,1.0,-9999.0,1.0,-9999.0,1.0,-9999.0,1.0,28.1,1.0,-9999.0,1.0,-9999.0,1.0,-9999.0,1.0,169.25,1.0,81.9242,1.0,618.114,1.0,-9999.0,1.0,29.2028,1.0,16.8682,1.0,0.196738,1.0
2015-03-29 17:00:00,31,36.0,1.0,-9999.0,1.0,-9999.0,1.0,-9999.0,1.0,-9999.0,1.0,-9999.0,1.0,20.6,1.0,-9999.0,1.0,-9999.0,1.0,-9999.0,1.0,208.409,1.0,85.171,1.0,618.375,1.0,-9999.0,1.0,10.3556,1.0,16.4997,1.0,0.597632,1.0
2015-03-29 18:00:00,31,37.0,1.0,-9999.0,1.0,-9999.0,1.0,-9999.0,1.0,-9999.0,1.0,-9999.0,1.0,15.1,1.0,-9999.0,1.0,-9999.0,1.0,-9999.0,1.0,299.397,1.0,89.2717,1.0,618.823,1.0,-9999.0,1.0,0.0,1.0,16.3507,1.0,0.578841,1.0
2015-03-29 19:00:00,31,48.0,1.0,-9999.0,1.0,-9999.0,1.0,-9999.0,1.0,-9999.0,1.0,-9999.0,1.0,13.6,1.0,-9999.0,1.0,-9999.0,1.0,-9999.0,1.0,311.875,1.0,91.4388,1.0,619.274,1.0,-9999.0,1.0,0.0,1.0,16.3662,1.0,0.126687,1.0
2015-03-29 20:00:00,31,43.0,1.0,-9999.0,1.0,-9999.0,1.0,-9999.0,1.0,-9999.0,1.0,-9999.0,1.0,11.8,1.0,-9999.0,1.0,-9999.0,1.0,-9999.0,1.0,222.018,1.0,91.6414,1.0,619.608,1.0,-9999.0,1.0,0.0,1.0,16.1944,1.0,0.628963,1.0
2015-03-29 21:00:00,31,47.0,1.0,-9999.0,1.0,-9999.0,1.0,-9999.0,1.0,-9999.0,1.0,-9999.0,1.0,9.5,1.0,-9999.0,1.0,-9999.0,1.0,-9999.0,1.0,219.589,1.0,91.4518,1.0,620.132,1.0,-9999.0,1.0,0.0,1.0,16.0596,1.0,0.760906,1.0
2015-03-29 22:00:00,31,25.0,1.0,-9999.0,1.0,-9999.0,1.0,-9999.0,1.0,-9999.0,1.0,-9999.0,1.0,6.0,1.0,-9999.0,1.0,-9999.0,1.0,-9999.0,1.0,166.05,1.0,90.9619,1.0,620.478,1.0,-9999.0,1.0,0.0,1.0,15.556,1.0,1.10013,1.0
2015-03-29 23:00:00,31,18.0,1.0,-9999.0,1.0,-9999.0,1.0,-9999.0,1.0,-9999.0,1.0,-9999.0,1.0,4.4,1.0,-9999.0,1.0,-9999.0,1.0,-9999.0,1.0,168.071,1.0,89.9578,1.0,620.593,1.0,-9999.0,1.0,0.0,1.0,15.2168,1.0,1.32546,1.0
2015-03-30 00:00:00,31,7.0,1.0,-9999.0,1.0,-9999.0,1.0,-9999.0,1.0,-9999.0,1.0,-9999.0,1.0,3.1,1.0,-9999.0,1.0,-9999.0,1.0,-9999.0,1.0,249.879,1.0,90.7965,1.0,620.454,1.0,-9999.0,1.0,0.0,1.0,14.8713,1.0,0.393791,1.0
2015-03-30 01:00:00,31,10.0,1.0,-9999.0,1.0,-9999.0,1.0,-9999.0,1.0,-9999.0,1.0,-9999.0,1.0,3.1,1.0,-9999.0,1.0,-9999.0,1.0,-9999.0,1.0,170.922,1.0,91.6718,1.0,619.873,1.0,-9999.0,1.0,0.0,1.0,14.6124,1.0,0.965304,1.0
2015-03-30 02:00:00,31,18.0,1.0,-9999.0,1.0,-9999.0,1.0,-9999.0,1.0,-9999.0,1.0,-9999.0,1.0,4.4,1.0,-9999.0,1.0,-9999.0,1.0,-9999.0,1.0,190.181,1.0,92.3617,1.0,619.225,1.0,-9999.0,1.0,0.0,1.0,14.0867,1.0,1.25551,1.0
2015-03-30 03:00:00,31,5.0,1.0,-9999.0,1.0,-9999.0,1.0,-9999.0,1.0,-9999.0,1.0,-9999.0,1.0,4.5,1.0,-9999.0,1.0,-9999.0,1.0,-9999.0,1.0,221.265,1.0,92.4033,1.0,619.005,1.0,-9999.0,1.0,0.0,1.0,13.74,1.0,0.449256,1.0
2015-03-30 04:00:00,31,9.0,1.0,-9999.0,1.0,-9999.0,1.0,-9999.0,1.0,-9999.0,1.0,-9999.0,1.0,3.1,1.0,-9999.0,1.0,-9999.0,1.0,-9999.0,1.0,159.961,1.0,92.751,1.0,618.76,1.0,-9999.0,1.0,0.0,1.0,13.5819,1.0,1.0045,1.0
2015-03-30 05:00:00,31,13.0,1.0,-9999.0,1.0,-9999.0,1.0,-9999.0,1.0,-9999.0,1.0,-9999.0,1.0,3.2,1.0,-9999.0,1.0,-9999.0,1.0,-9999.0,1.0,173.098,1.0,92.689,1.0,618.754,1.0,-9999.0,1.0,0.0,1.0,13.6322,1.0,1.23429,1.0
2015-03-30 06:00:00,31,18.0,1.0,-9999.0,1.0,-9999.0,1.0,-9999.0,1.0,-9999.0,1.0,-9999.0,1.0,3.1,1.0,-9999.0,1.0,-9999.0,1.0,-9999.0,1.0,176.398,1.0,91.9,1.0,618.84,1.0,-9999.0,1.0,0.0,1.0,13.3124,1.0,1.3614,1.0
2015-03-30 07:00:00,31,39.0,1.0,-9999.0,1.0,-9999.0,1.0,-9999.0,1.0,-9999.0,1.0,-9999.0,1.0,2.9,1.0,-9999.0,1.0,-9999.0,1.0,-9999.0,1.0,256.652,1.0,91.7094,1.0,619.333,1.0,-9999.0,1.0,6.78333,1.0,13.5489,1.0,0.356665,1.0
2015-03-30 08:00:00,31,44.0,1.0,-9999.0,1.0,-9999.0,1.0,-9999.0,1.0,-9999.0,1.0,-9999.0,1.0,3.4,1.0,-9999.0,1.0,-9999.0,1.0,-9999.0,1.0,172.964,1.0,88.6256,1.0,619.92,1.0,-9999.0,1.0,127.044,1.0,14.6522,1.0,0.421435,1.0
2015-03-30 09:00:00,31,39.0,1.0,-9999.0,1.0,-9999.0,1.0,-9999.0,1.0,-9999.0,1.0,-9999.0,1.0,11.8,1.0,-9999.0,1.0,-9999.0,1.0,-9999.0,1.0,6.4043,1.0,76.7161,1.0,620.248,1.0,-9999.0,1.0,331.936,1.0,17.739,1.0,0.977156,1.0
2015-03-30 10:00:00,31,13.0,1.0,-9999.0,1.0,-9999.0,1.0,-9999.0,1.0,-9999.0,1.0,-9999.0,1.0,20.0,1.0,-9999.0,1.0,-9999.0,1.0,-9999.0,1.0,137.658,1.0,69.2918,1.0,620.242,1.0,-9999.0,1.0,511.214,1.0,20.2174,1.0,1.44394,1.0
2015-03-30 11:00:00,31,11.0,1.0,-9999.0,1.0,-9999.0,1.0,-9999.0,1.0,-9999.0,1.0,-9999.0,1.0,30.6,1.0,-9999.0,1.0,-9999.0,1.0,-9999.0,1.0,166.839,1.0,66.7714,1.0,619.905,1.0,-9999.0,1.0,549.225,1.0,20.9154,1.0,2.22221,1.0
2015-03-30 12:00:00,31,9.0,1.0,-9999.0,1.0,-9999.0,1.0,-9999.0,1.0,-9999.0,1.0,-9999.0,1.0,35.4,1.0,-9999.0,1.0,-9999.0,1.0,-9999.0,1.0,165.655,1.0,62.0183,1.0,619.338,1.0,-9999.0,1.0,568.6,1.0,21.9904,1.0,2.55045,1.0
2015-03-30 13:00:00,31,6.0,1.0,-9999.0,1.0,-9999.0,1.0,-9999.0,1.0,-9999.0,1.0,-9999.0,1.0,38.3,1.0,-9999.0,1.0,-9999.0,1.0,-9999.0,1.0,178.177,1.0,57.8103,1.0,618.578,1.0,-9999.0,1.0,911.195,1.0,23.1865,1.0,2.44521,1.0
2015-03-30 14:00:00,31,17.0,1.0,-9999.0,1.0,-9999.0,1.0,-9999.0,1.0,-9999.0,1.0,-9999.0,1.0,30.3,1.0,-9999.0,1.0,-9999.0,1.0,-9999.0,1.0,148.75,1.0,63.9811,1.0,617.959,1.0,-9999.0,1.0,262.375,1.0,21.8783,1.0,0.957934,1.0
2015-03-30 15:00:00,31,10.0,1.0,-9999.0,1.0,-9999.0,1.0,-9999.0,1.0,-9999.0,1.0,-9999.0,1.0,28.0,1.0,-9999.0,1.0,-9999.0,1.0,-9999.0,1.0,169.973,1.0,66.7751,1.0,617.455,1.0,-9999.0,1.0,271.606,1.0,21.2167,1.0,0.514904,1.0
2015-03-30 16:00:00,31,26.0,1.0,-9999.0,1.0,-9999.0,1.0,-9999.0,1.0,-9999.0,1.0,-9999.0,1.0,40.0,1.0,-9999.0,1.0,-9999.0,1.0,-9999.0,1.0,357.893,1.0,62.6411,1.0,617.025,1.0,-9999.0,1.0,254.747,1.0,21.8747,1.0,2.13646,1.0
2015-03-30 17:00:00,31,31.0,1.0,-9999.0,1.0,-9999.0,1.0,-9999.0,1.0,-9999.0,1.0,-9999.0,1.0,26.4,1.0,-9999.0,1.0,-9999.0,1.0,-9999.0,1.0,11.9776,1.0,66.0715,1.0,617.224,1.0,-9999.0,1.0,77.1861,1.0,20.2903,1.0,1.07317,1.0
2015-03-30 18:00:00,31,65.0,1.0,-9999.0,1.0,-9999.0,1.0,-9999.0,1.0,-9999.0,1.0,-9999.0,1.0,8.0,1.0,-9999.0,1.0,-9999.0,1.0,-9999.0,1.0,344.726,1.0,71.6979,1.0,617.497,1.0,-9999.0,1.0,0.783333,1.0,18.9096,1.0,1.23583,1.0
2015-03-30 19:00:00,31,48.0,1.0,-9999.0,1.0,-9999.0,1.0,-9999.0,1.0,-9999.0,1.0,-9999.0,1.0,5.6,1.0,-9999.0,1.0,-9999.0,1.0,-9999.0,1.0,310.302,1.0,78.3742,1.0,618.012,1.0,-9999.0,1.0,0.0,1.0,17.6526,1.0,0.384845,1.0
2015-03-30 20:00:00,31,51.0,1.0,-9999.0,1.0,-9999.0,1.0,-9999.0,1.0,-9999.0,1.0,-9999.0,1.0,3.1,1.0,-9999.0,1.0,-9999.0,1.0,-9999.0,1.0,229.094,1.0,83.0755,1.0,618.541,1.0,-9999.0,1.0,-0.0555556,151.0,17.0086,1.0,0.169238,1.0
2015-03-30 21:00:00,31,69.0,1.0,-9999.0,1.0,-9999.0,1.0,-9999.0,1.0,-9999.0,1.0,-9999.0,1.0,3.1,1.0,-9999.0,1.0,-9999.0,1.0,-9999.0,1.0,352.467,1.0,82.5813,1.0,618.901,1.0,-9999.0,1.0,0.0,1.0,17.3115,1.0,0.657089,1.0
2015-03-30 22:00:00,31,50.0,1.0,-9999.0,1.0,-9999.0,1.0,-9999.0,1.0,-9999.0,1.0,-9999.0,1.0,3.2,1.0,-9999.0,1.0,-9999.0,1.0,-9999.0,1.0,176.023,1.0,85.4347,1.0,619.305,1.0,-9999.0,1.0,0.0,1.0,16.5511,1.0,0.189321,1.0
2015-03-30 23:00:00,31,55.0,1.0,-9999.0,1.0,-9999.0,1.0,-9999.0,1.0,-9999.0,1.0,-9999.0,1.0,2.9,1.0,-9999.0,1.0,-9999.0,1.0,-9999.0,1.0,18.5103,1.0,85.6232,1.0,619.369,1.0,-9999.0,1.0,0.0,1.0,17.0525,1.0,0.312995,1.0
2015-03-31 00:00:00,31,58.0,1.0,-9999.0,1.0,-9999.0,1.0,-9999.0,1.0,-9999.0,1.0,-9999.0,1.0,2.8,1.0,-9999.0,1.0,-9999.0,1.0,-9999.0,1.0,321.05,1.0,86.2983,1.0,619.165,1.0,-9999.0,1.0,0.0,1.0,17.1254,1.0,0.314438,1.0
2015-03-31 01:00:00,31,61.0,1.0,-9999.0,1.0,-9999.0,1.0,-9999.0,1.0,-9999.0,1.0,-9999.0,1.0,2.9,1.0,-9999.0,1.0,-9999.0,1.0,-9999.0,1.0,346.135,1.0,87.6321,1.0,618.844,1.0,-9999.0,1.0,0.0,1.0,17.1035,1.0,0.892126,1.0
2015-03-31 02:00:00,31,46.0,1.0,-9999.0,1.0,-9999.0,1.0,-9999.0,1.0,-9999.0,1.0,-9999.0,1.0,2.8,1.0,-9999.0,1.0,-9999.0,1.0,-9999.0,1.0,22.3998,1.0,88.0007,1.0,618.393,1.0,-9999.0,1.0,0.0,1.0,17.0161,1.0,0.296681,1.0
2015-03-31 03:00:00,31,40.0,1.0,-9999.0,1.0,-9999.0,1.0,-9999.0,1.0,-9999.0,1.0,-9999.0,1.0,2.8,1.0,-9999.0,1.0,-9999.0,1.0,-9999.0,1.0,138.833,1.0,87.8657,1.0,618.036,1.0,-9999.0,1.0,0.0,1.0,16.5457,1.0,0.547618,1.0
2015-03-31 04:00:00,31,45.0,1.0,-9999.0,1.0,-9999.0,1.0,-9999.0,1.0,-9999.0,1.0,-9999.0,1.0,3.0,1.0,-9999.0,1.0,-9999.0,1.0,-9999.0,1.0,168.544,1.0,88.3658,1.0,617.845,1.0,-9999.0,1.0,0.0,1.0,16.4976,1.0,0.467316,1.0
2015-03-31 05:00:00,31,42.0,1.0,-9999.0,1.0,-9999.0,1.0,-9999.0,1.0,-9999.0,1.0,-9999.0,1.0,2.8,1.0,-9999.0,1.0,-9999.0,1.0,-9999.0,1.0,183.134,1.0,89.046,1.0,618.001,1.0,-9999.0,1.0,0.0,1.0,16.529,1.0,0.569326,1.0
2015-03-31 06:00:00,31,49.0,1.0,-9999.0,1.0,-9999.0,1.0,-9999.0,1.0,-9999.0,1.0,-9999.0,1.0,2.9,1.0,-9999.0,1.0,-9999.0,1.0,-9999.0,1.0,161.942,1.0,89.0062,1.0,618.34,1.0,-9999.0,1.0,0.0,1.0,16.6232,1.0,0.0383057,1.0
2015-03-31 07:00:00,31,64.0,1.0,-9999.0,1.0,-9999.0,1.0,-9999.0,1.0,-9999.0,1.0,-9999.0,1.0,3.0,1.0,-9999.0,1.0,-9999.0,1.0,-9999.0,1.0,346.977,1.0,90.2743,1.0,618.747,1.0,-9999.0,1.0,1.10833,1.0,16.701,1.0,1.35636,1.0
2015-03-31 08:00:00,31,77.0,1.0,-9999.0,1.0,-9999.0,1.0,-9999.0,1.0,-9999.0,1.0,-9999.0,1.0,3.7,1.0,-9999.0,1.0,-9999.0,1.0,-9999.0,1.0,356.886,1.0,88.4585,1.0,619.019,1.0,-9999.0,1.0,87.8361,1.0,17.1828,1.0,1.27623,1.0
2015-03-31 09:00:00,31,44.0,1.0,-9999.0,1.0,-9999.0,1.0,-9999.0,1.0,-9999.0,1.0,-9999.0,1.0,11.6,1.0,-9999.0,1.0,-9999.0,1.0,-9999.0,1.0,7.93116,1.0,78.1354,1.0,619.335,1.0,-9999.0,1.0,269.558,1.0,18.8564,1.0,1.3964,1.0
2015-03-31 10:00:00,31,34.0,1.0,-9999.0,1.0,-9999.0,1.0,-9999.0,1.0,-9999.0,1.0,-9999.0,1.0,24.6,1.0,-9999.0,1.0,-9999.0,1.0,-9999.0,1.0,28.684,1.0,68.186,1.0,619.192,1.0,-9999.0,1.0,372.155,1.0,20.8114,1.0,0.240912,1.0
2015-03-31 11:00:00,31,12.0,1.0,-9999.0,1.0,-9999.0,1.0,-9999.0,1.0,-9999.0,1.0,-9999.0,1.0,34.0,1.0,-9999.0,1.0,-9999.0,1.0,-9999.0,1.0,171.862,1.0,63.3654,1.0,618.858,1.0,-9999.0,1.0,669.719,1.0,22.3026,1.0,1.53982,1.0
2015-03-31 12:00:00,31,11.0,1.0,-9999.0,1.0,-9999.0,1.0,-9999.0,1.0,-9999.0,1.0,-9999.0,1.0,43.0,1.0,-9999.0,1.0,-9999.0,1.0,-9999.0,1.0,161.774,1.0,60.5404,1.0,618.099,1.0,-9999.0,1.0,875.853,1.0,23.5867,1.0,2.25911,1.0
2015-03-31 13:00:00,31,10.0,1.0,-9999.0,1.0,-9999.0,1.0,-9999.0,1.0,-9999.0,1.0,-9999.0,1.0,40.3,1.0,-9999.0,1.0,-9999.0,1.0,-9999.0,1.0,215.467,1.0,63.7135,1.0,617.413,1.0,-9999.0,1.0,788.797,1.0,23.6061,1.0,2.06717,1.0
2015-03-31 14:00:00,31,7.0,1.0,-9999.0,1.0,-9999.0,1.0,-9999.0,1.0,-9999.0,1.0,-9999.0,1.0,42.9,1.0,-9999.0,1.0,-9999.0,1.0,-9999.0,1.0,205.496,1.0,62.0557,1.0,616.725,1.0,-9999.0,1.0,762.861,1.0,23.6731,1.0,2.21452,1.0
2015-03-31 15:00:00,31,7.0,1.0,-9999.0,1.0,-9999.0,1.0,-9999.0,1.0,-9999.0,1.0,-9999.0,1.0,43.0,1.0,-9999.0,1.0,-9999.0,1.0,-9999.0,1.0,214.066,1.0,59.9968,1.0,616.129,1.0,-9999.0,1.0,146.272,1.0,22.661,1.0,1.52162,1.0
2015-03-31 16:00:00,31,45.0,1.0,-9999.0,1.0,-9999.0,1.0,-9999.0,1.0,-9999.0,1.0,-9999.0,1.0,33.8,1.0,-9999.0,1.0,-9999.0,1.0,-9999.0,1.0,348.577,1.0,74.2676,1.0,616.04,1.0,-9999.0,1.0,28.35,1.0,19.5468,1.0,2.13781,1.0
2015-03-31 17:00:00,31,43.0,1.0,-9999.0,1.0,-9999.0,1.0,-9999.0,1.0,-9999.0,1.0,-9999.0,1.0,28.2,1.0,-9999.0,1.0,-9999.0,1.0,-9999.0,1.0,334.97,1.0,77.9657,1.0,616.125,1.0,-9999.0,1.0,7.61389,1.0,18.3494,1.0,2.0841,1.0
2015-03-31 18:00:00,31,68.0,1.0,-9999.0,1.0,-9999.0,1.0,-9999.0,1.0,-9999.0,1.0,-9999.0,1.0,8.3,1.0,-9999.0,1.0,-9999.0,1.0,-9999.0,1.0,339.604,1.0,85.7135,1.0,616.314,1.0,-9999.0,1.0,1.85278,1.0,17.3576,1.0,1.21147,1.0
2015-03-31 19:00:00,31,53.0,1.0,-9999.0,1.0,-9999.0,1.0,-9999.0,1.0,-9999.0,1.0,-9999.0,1.0,3.9,1.0,-9999.0,1.0,-9999.0,1.0,-9999.0,1.0,318.84,1.0,87.1489,1.0,616.896,1.0,-9999.0,1.0,0.0,1.0,17.5671,1.0,0.520461,1.0
2015-03-31 20:00:00,31,70.0,1.0,-9999.0,1.0,-9999.0,1.0,-9999.0,1.0,-9999.0,1.0,-9999.0,1.0,3.2,1.0,-9999.0,1.0,-9999.0,1.0,-9999.0,1.0,346.818,1.0,87.2789,1.0,617.55,1.0,-9999.0,1.0,-0.0555556,151.0,17.6374,1.0,1.77486,1.0
2015-03-31 21:00:00,31,67.0,1.0,-9999.0,1.0,-9999.0,1.0,-9999.0,1.0,-9999.0,1.0,-9999.0,1.0,3.2,1.0,-9999.0,1.0,-9999.0,1.0,-9999.0,1.0,352.481,1.0,85.5232,1.0,617.958,1.0,-9999.0,1.0,0.0,1.0,17.8738,1.0,2.34632,1.0
2015-03-31 22:00:00,31,41.0,1.0,-9999.0,1.0,-9999.0,1.0,-9999.0,1.0,-9999.0,1.0,-9999.0,1.0,3.1,1.0,-9999.0,1.0,-9999.0,1.0,-9999.0,1.0,340.047,1.0,85.7911,1.0,618.421,1.0,-9999.0,1.0,0.0,1.0,17.4999,1.0,1.61347,1.0
2015-03-31 23:00:00,31,31.0,1.0,-9999.0,1.0,-9999.0,1.0,-9999.0,1.0,-9999.0,1.0,-9999.0,1.0,3.3,1.0,-9999.0,1.0,-9999.0,1.0,-9999.0,1.0,342.367,1.0,85.939,1.0,618.75,1.0,-9999.0,1.0,0.0,1.0,17.2686,1.0,1.54189,1.0
